startTime,logId,activityName,activityTypeId,originalStartTime,duration,durationMinutes,calories,steps,distance,distanceUnit,logType,hasGps,hasStartTime,averageHeartRate,heartRateZones,activeZoneMinutes
2025-12-03 06:54:37+09:00,5667773472718017992,Bike,90001,2025-12-03T06:54:37.000+09:00,1060000,17,154,,3.047329,Mile,tracker,True,,134.0,"[{'minutes': 1, 'caloriesOut': 18.696314, 'name': 'Out of Range', 'min': 30, 'max': 102}, {'minutes': 2, 'caloriesOut': 16.230866, 'name': 'Fat Burn', 'min': 103, 'max': 128}, {'minutes': 14, 'caloriesOut': 119.985136, 'name': 'Cardio', 'min': 129, 'max': 160}, {'minutes': 0, 'caloriesOut': 0.0, 'name': 'Peak', 'min': 161, 'max': 220}]","{'totalMinutes': 30, 'minutesInHeartRateZones': [{'minutes': 0, 'zoneName': 'Out of Range', 'order': 0, 'type': 'OUT_OF_ZONE', 'minuteMultiplier': 0}, {'minutes': 2, 'zoneName': 'Fat Burn', 'order': 1, 'type': 'FAT_BURN', 'minuteMultiplier': 1}, {'minutes': 14, 'zoneName': 'Cardio', 'order': 2, 'type': 'CARDIO', 'minuteMultiplier': 2}, {'minutes': 0, 'zoneName': 'Peak', 'order': 3, 'type': 'PEAK', 'minuteMultiplier': 2}]}"
2025-12-03 15:30:45+09:00,8694685614035756360,Walk,90013,2025-12-03T15:30:45.000+09:00,820000,13,74,1129.0,0.484172,Mile,auto_detected,,,79.0,"[{'minutes': 13, 'caloriesOut': 74.271621, 'name': 'Out of Range', 'min': 30, 'max': 102}, {'minutes': 0, 'caloriesOut': 0.0, 'name': 'Fat Burn', 'min': 103, 'max': 128}, {'minutes': 0, 'caloriesOut': 0.0, 'name': 'Cardio', 'min': 129, 'max': 160}, {'minutes': 0, 'caloriesOut': 0.0, 'name': 'Peak', 'min': 161, 'max': 220}]","{'totalMinutes': 0, 'minutesInHeartRateZones': [{'minutes': 0, 'zoneName': 'Out of Range', 'order': 0, 'type': 'OUT_OF_ZONE', 'minuteMultiplier': 0}, {'minutes': 0, 'zoneName': 'Fat Burn', 'order': 1, 'type': 'FAT_BURN', 'minuteMultiplier': 1}, {'minutes': 0, 'zoneName': 'Cardio', 'order': 2, 'type': 'CARDIO', 'minuteMultiplier': 2}, {'minutes': 0, 'zoneName': 'Peak', 'order': 3, 'type': 'PEAK', 'minuteMultiplier': 2}]}"
2025-12-03 20:08:08+09:00,2595987105288998592,Outdoor Bike,1071,2025-12-03T20:08:08.000+09:00,1536000,25,94,,0.276324,Mile,auto_detected,,,93.0,"[{'minutes': 22, 'caloriesOut': 82.695235, 'name': 'Out of Range', 'min': 30, 'max': 102}, {'minutes': 3, 'caloriesOut': 11.916332, 'name': 'Fat Burn', 'min': 103, 'max': 128}, {'minutes': 0, 'caloriesOut': 0.0, 'name': 'Cardio', 'min': 129, 'max': 160}, {'minutes': 0, 'caloriesOut': 0.0, 'name': 'Peak', 'min': 161, 'max': 220}]","{'totalMinutes': 3, 'minutesInHeartRateZones': [{'minutes': 0, 'zoneName': 'Out of Range', 'order': 0, 'type': 'OUT_OF_ZONE', 'minuteMultiplier': 0}, {'minutes': 3, 'zoneName': 'Fat Burn', 'order': 1, 'type': 'FAT_BURN', 'minuteMultiplier': 1}, {'minutes': 0, 'zoneName': 'Cardio', 'order': 2, 'type': 'CARDIO', 'minuteMultiplier': 2}, {'minutes': 0, 'zoneName': 'Peak', 'order': 3, 'type': 'PEAK', 'minuteMultiplier': 2}]}"
2025-12-04 06:59:49+09:00,4153080040503379768,Bike,90001,2025-12-04T06:59:49.000+09:00,1262000,21,133,,3.359711,Mile,tracker,True,,113.0,"[{'minutes': 7, 'caloriesOut': 44.788972, 'name': 'Out of Range', 'min': 30, 'max': 102}, {'minutes': 11, 'caloriesOut': 64.71801, 'name': 'Fat Burn', 'min': 103, 'max': 128}, {'minutes': 3, 'caloriesOut': 23.832664, 'name': 'Cardio', 'min': 129, 'max': 160}, {'minutes': 0, 'caloriesOut': 0.0, 'name': 'Peak', 'min': 161, 'max': 220}]","{'totalMinutes': 17, 'minutesInHeartRateZones': [{'minutes': 0, 'zoneName': 'Out of Range', 'order': 0, 'type': 'OUT_OF_ZONE', 'minuteMultiplier': 0}, {'minutes': 11, 'zoneName': 'Fat Burn', 'order': 1, 'type': 'FAT_BURN', 'minuteMultiplier': 1}, {'minutes': 3, 'zoneName': 'Cardio', 'order': 2, 'type': 'CARDIO', 'minuteMultiplier': 2}, {'minutes': 0, 'zoneName': 'Peak', 'order': 3, 'type': 'PEAK', 'minuteMultiplier': 2}]}"
2025-12-04 07:30:00+09:00,6886420793854478880,Meditating,7075,2025-12-04T07:30:00.000+09:00,300000,5,5,0.0,0.0,Mile,manual,,,76.0,"[{'minutes': 5, 'caloriesOut': 5.649985, 'name': 'Out of Range', 'min': 30, 'max': 102}, {'minutes': 0, 'caloriesOut': 0.0, 'name': 'Fat Burn', 'min': 103, 'max': 128}, {'minutes': 0, 'caloriesOut': 0.0, 'name': 'Cardio', 'min': 129, 'max': 160}, {'minutes': 0, 'caloriesOut': 0.0, 'name': 'Peak', 'min': 161, 'max': 220}]","{'totalMinutes': 0, 'minutesInHeartRateZones': [{'minutes': 0, 'zoneName': 'Out of Range', 'order': 0, 'type': 'OUT_OF_ZONE', 'minuteMultiplier': 0}, {'minutes': 0, 'zoneName': 'Fat Burn', 'order': 1, 'type': 'FAT_BURN', 'minuteMultiplier': 1}, {'minutes': 0, 'zoneName': 'Cardio', 'order': 2, 'type': 'CARDIO', 'minuteMultiplier': 2}, {'minutes': 0, 'zoneName': 'Peak', 'order': 3, 'type': 'PEAK', 'minuteMultiplier': 2}]}"
2025-12-04 16:05:06+09:00,141344547042938984,Weights,2131,2025-12-04T16:05:06.000+09:00,911000,15,45,119.0,,,tracker,,,83.0,"[{'minutes': 14, 'caloriesOut': 45.713515, 'name': 'Out of Range', 'min': 30, 'max': 102}, {'minutes': 1, 'caloriesOut': 0.0, 'name': 'Fat Burn', 'min': 103, 'max': 128}, {'minutes': 0, 'caloriesOut': 0.0, 'name': 'Cardio', 'min': 129, 'max': 160}, {'minutes': 0, 'caloriesOut': 0.0, 'name': 'Peak', 'min': 161, 'max': 220}]","{'totalMinutes': 1, 'minutesInHeartRateZones': [{'minutes': 0, 'zoneName': 'Out of Range', 'order': 0, 'type': 'OUT_OF_ZONE', 'minuteMultiplier': 0}, {'minutes': 1, 'zoneName': 'Fat Burn', 'order': 1, 'type': 'FAT_BURN', 'minuteMultiplier': 1}, {'minutes': 0, 'zoneName': 'Cardio', 'order': 2, 'type': 'CARDIO', 'minuteMultiplier': 2}, {'minutes': 0, 'zoneName': 'Peak', 'order': 3, 'type': 'PEAK', 'minuteMultiplier': 2}]}"
2025-12-04 20:23:52+09:00,2920442260846225632,Outdoor Bike,1071,2025-12-04T20:23:52.000+09:00,766000,12,69,,0.224315,Mile,auto_detected,,,103.0,"[{'minutes': 7, 'caloriesOut': 40.988073, 'name': 'Out of Range', 'min': 30, 'max': 102}, {'minutes': 5, 'caloriesOut': 28.147198, 'name': 'Fat Burn', 'min': 103, 'max': 128}, {'minutes': 0, 'caloriesOut': 0.0, 'name': 'Cardio', 'min': 129, 'max': 160}, {'minutes': 0, 'caloriesOut': 0.0, 'name': 'Peak', 'min': 161, 'max': 220}]","{'totalMinutes': 5, 'minutesInHeartRateZones': [{'minutes': 0, 'zoneName': 'Out of Range', 'order': 0, 'type': 'OUT_OF_ZONE', 'minuteMultiplier': 0}, {'minutes': 5, 'zoneName': 'Fat Burn', 'order': 1, 'type': 'FAT_BURN', 'minuteMultiplier': 1}, {'minutes': 0, 'zoneName': 'Cardio', 'order': 2, 'type': 'CARDIO', 'minuteMultiplier': 2}, {'minutes': 0, 'zoneName': 'Peak', 'order': 3, 'type': 'PEAK', 'minuteMultiplier': 2}]}"
2025-12-05 06:55:01+09:00,255616408978718856,Bike,90001,2025-12-05T06:55:01.000+09:00,1201000,20,147,,3.086059,Mile,tracker,True,,122.0,"[{'minutes': 5, 'caloriesOut': 32.461732, 'name': 'Out of Range', 'min': 30, 'max': 102}, {'minutes': 3, 'caloriesOut': 19.929038, 'name': 'Fat Burn', 'min': 103, 'max': 128}, {'minutes': 12, 'caloriesOut': 95.330656, 'name': 'Cardio', 'min': 129, 'max': 160}, {'minutes': 0, 'caloriesOut': 0.0, 'name': 'Peak', 'min': 161, 'max': 220}]","{'totalMinutes': 27, 'minutesInHeartRateZones': [{'minutes': 0, 'zoneName': 'Out of Range', 'order': 0, 'type': 'OUT_OF_ZONE', 'minuteMultiplier': 0}, {'minutes': 3, 'zoneName': 'Fat Burn', 'order': 1, 'type': 'FAT_BURN', 'minuteMultiplier': 1}, {'minutes': 12, 'zoneName': 'Cardio', 'order': 2, 'type': 'CARDIO', 'minuteMultiplier': 2}, {'minutes': 0, 'zoneName': 'Peak', 'order': 3, 'type': 'PEAK', 'minuteMultiplier': 2}]}"
2025-12-05 07:30:00+09:00,1251603949146347456,Meditating,7075,2025-12-05T07:30:00.000+09:00,300000,5,6,0.0,0.0,Mile,manual,,,76.0,"[{'minutes': 5, 'caloriesOut': 6.16362, 'name': 'Out of Range', 'min': 30, 'max': 102}, {'minutes': 0, 'caloriesOut': 0.0, 'name': 'Fat Burn', 'min': 103, 'max': 128}, {'minutes': 0, 'caloriesOut': 0.0, 'name': 'Cardio', 'min': 129, 'max': 160}, {'minutes': 0, 'caloriesOut': 0.0, 'name': 'Peak', 'min': 161, 'max': 220}]","{'totalMinutes': 0, 'minutesInHeartRateZones': [{'minutes': 0, 'zoneName': 'Out of Range', 'order': 0, 'type': 'OUT_OF_ZONE', 'minuteMultiplier': 0}, {'minutes': 0, 'zoneName': 'Fat Burn', 'order': 1, 'type': 'FAT_BURN', 'minuteMultiplier': 1}, {'minutes': 0, 'zoneName': 'Cardio', 'order': 2, 'type': 'CARDIO', 'minuteMultiplier': 2}, {'minutes': 0, 'zoneName': 'Peak', 'order': 3, 'type': 'PEAK', 'minuteMultiplier': 2}]}"
2025-12-05 13:58:09+09:00,4810222644915021912,Weights,2131,2025-12-05T13:58:09.000+09:00,988000,16,47,142.0,,,tracker,,,82.0,"[{'minutes': 16, 'caloriesOut': 47.768055, 'name': 'Out of Range', 'min': 30, 'max': 102}, {'minutes': 0, 'caloriesOut': 0.0, 'name': 'Fat Burn', 'min': 103, 'max': 128}, {'minutes': 0, 'caloriesOut': 0.0, 'name': 'Cardio', 'min': 129, 'max': 160}, {'minutes': 0, 'caloriesOut': 0.0, 'name': 'Peak', 'min': 161, 'max': 220}]","{'totalMinutes': 0, 'minutesInHeartRateZones': [{'minutes': 0, 'zoneName': 'Out of Range', 'order': 0, 'type': 'OUT_OF_ZONE', 'minuteMultiplier': 0}, {'minutes': 0, 'zoneName': 'Fat Burn', 'order': 1, 'type': 'FAT_BURN', 'minuteMultiplier': 1}, {'minutes': 0, 'zoneName': 'Cardio', 'order': 2, 'type': 'CARDIO', 'minuteMultiplier': 2}, {'minutes': 0, 'zoneName': 'Peak', 'order': 3, 'type': 'PEAK', 'minuteMultiplier': 2}]}"
2025-12-05 19:24:29+09:00,2994531767357660752,Outdoor Bike,1071,2025-12-05T19:24:29.000+09:00,923000,15,47,,0.117563,Mile,auto_detected,,,88.0,"[{'minutes': 13, 'caloriesOut': 39.447168, 'name': 'Out of Range', 'min': 30, 'max': 102}, {'minutes': 2, 'caloriesOut': 7.601798, 'name': 'Fat Burn', 'min': 103, 'max': 128}, {'minutes': 0, 'caloriesOut': 0.0, 'name': 'Cardio', 'min': 129, 'max': 160}, {'minutes': 0, 'caloriesOut': 0.0, 'name': 'Peak', 'min': 161, 'max': 220}]","{'totalMinutes': 2, 'minutesInHeartRateZones': [{'minutes': 0, 'zoneName': 'Out of Range', 'order': 0, 'type': 'OUT_OF_ZONE', 'minuteMultiplier': 0}, {'minutes': 2, 'zoneName': 'Fat Burn', 'order': 1, 'type': 'FAT_BURN', 'minuteMultiplier': 1}, {'minutes': 0, 'zoneName': 'Cardio', 'order': 2, 'type': 'CARDIO', 'minuteMultiplier': 2}, {'minutes': 0, 'zoneName': 'Peak', 'order': 3, 'type': 'PEAK', 'minuteMultiplier': 2}]}"
2025-12-05 20:53:13+09:00,4081165994656601880,Outdoor Bike,1071,2025-12-05T20:53:13.000+09:00,616000,10,23,,0.040886,Mile,auto_detected,,,82.0,"[{'minutes': 10, 'caloriesOut': 23.524483, 'name': 'Out of Range', 'min': 30, 'max': 102}, {'minutes': 0, 'caloriesOut': 0.0, 'name': 'Fat Burn', 'min': 103, 'max': 128}, {'minutes': 0, 'caloriesOut': 0.0, 'name': 'Cardio', 'min': 129, 'max': 160}, {'minutes': 0, 'caloriesOut': 0.0, 'name': 'Peak', 'min': 161, 'max': 220}]","{'totalMinutes': 0, 'minutesInHeartRateZones': [{'minutes': 0, 'zoneName': 'Out of Range', 'order': 0, 'type': 'OUT_OF_ZONE', 'minuteMultiplier': 0}, {'minutes': 0, 'zoneName': 'Fat Burn', 'order': 1, 'type': 'FAT_BURN', 'minuteMultiplier': 1}, {'minutes': 0, 'zoneName': 'Cardio', 'order': 2, 'type': 'CARDIO', 'minuteMultiplier': 2}, {'minutes': 0, 'zoneName': 'Peak', 'order': 3, 'type': 'PEAK', 'minuteMultiplier': 2}]}"
2025-12-06 05:54:16+09:00,8007840789743849064,Outdoor Bike,1071,2025-12-06T05:54:16.000+09:00,869000,14,106,,0.280363,Mile,auto_detected,,,125.0,"[{'minutes': 4, 'caloriesOut': 30.201738, 'name': 'Out of Range', 'min': 30, 'max': 102}, {'minutes': 3, 'caloriesOut': 14.998142, 'name': 'Fat Burn', 'min': 103, 'max': 128}, {'minutes': 7, 'caloriesOut': 61.225292, 'name': 'Cardio', 'min': 129, 'max': 160}, {'minutes': 0, 'caloriesOut': 0.0, 'name': 'Peak', 'min': 161, 'max': 220}]","{'totalMinutes': 17, 'minutesInHeartRateZones': [{'minutes': 0, 'zoneName': 'Out of Range', 'order': 0, 'type': 'OUT_OF_ZONE', 'minuteMultiplier': 0}, {'minutes': 3, 'zoneName': 'Fat Burn', 'order': 1, 'type': 'FAT_BURN', 'minuteMultiplier': 1}, {'minutes': 7, 'zoneName': 'Cardio', 'order': 2, 'type': 'CARDIO', 'minuteMultiplier': 2}, {'minutes': 0, 'zoneName': 'Peak', 'order': 3, 'type': 'PEAK', 'minuteMultiplier': 2}]}"
2025-12-06 08:37:14+09:00,1484978082956049576,Outdoor Bike,1071,2025-12-06T08:37:14.000+09:00,973000,16,67,,0.321373,Mile,auto_detected,,,92.0,"[{'minutes': 15, 'caloriesOut': 63.69074, 'name': 'Out of Range', 'min': 30, 'max': 102}, {'minutes': 1, 'caloriesOut': 3.698172, 'name': 'Fat Burn', 'min': 103, 'max': 128}, {'minutes': 0, 'caloriesOut': 0.0, 'name': 'Cardio', 'min': 129, 'max': 160}, {'minutes': 0, 'caloriesOut': 0.0, 'name': 'Peak', 'min': 161, 'max': 220}]","{'totalMinutes': 1, 'minutesInHeartRateZones': [{'minutes': 0, 'zoneName': 'Out of Range', 'order': 0, 'type': 'OUT_OF_ZONE', 'minuteMultiplier': 0}, {'minutes': 1, 'zoneName': 'Fat Burn', 'order': 1, 'type': 'FAT_BURN', 'minuteMultiplier': 1}, {'minutes': 0, 'zoneName': 'Cardio', 'order': 2, 'type': 'CARDIO', 'minuteMultiplier': 2}, {'minutes': 0, 'zoneName': 'Peak', 'order': 3, 'type': 'PEAK', 'minuteMultiplier': 2}]}"
2025-12-06 19:59:53+09:00,5920440226219354248,Outdoor Bike,1071,2025-12-06T19:59:53.000+09:00,1690000,28,86,,0.227795,Mile,auto_detected,,,99.0,"[{'minutes': 17, 'caloriesOut': 54.034402, 'name': 'Out of Range', 'min': 30, 'max': 102}, {'minutes': 11, 'caloriesOut': 32.153551, 'name': 'Fat Burn', 'min': 103, 'max': 128}, {'minutes': 0, 'caloriesOut': 0.0, 'name': 'Cardio', 'min': 129, 'max': 160}, {'minutes': 0, 'caloriesOut': 0.0, 'name': 'Peak', 'min': 161, 'max': 220}]","{'totalMinutes': 11, 'minutesInHeartRateZones': [{'minutes': 0, 'zoneName': 'Out of Range', 'order': 0, 'type': 'OUT_OF_ZONE', 'minuteMultiplier': 0}, {'minutes': 11, 'zoneName': 'Fat Burn', 'order': 1, 'type': 'FAT_BURN', 'minuteMultiplier': 1}, {'minutes': 0, 'zoneName': 'Cardio', 'order': 2, 'type': 'CARDIO', 'minuteMultiplier': 2}, {'minutes': 0, 'zoneName': 'Peak', 'order': 3, 'type': 'PEAK', 'minuteMultiplier': 2}]}"
2025-12-07 05:54:39+09:00,8043476162911553960,Outdoor Bike,1071,2025-12-07T05:54:39.000+09:00,1636000,27,85,,0.24221,Mile,auto_detected,,,87.0,"[{'minutes': 25, 'caloriesOut': 79.09979, 'name': 'Out of Range', 'min': 30, 'max': 102}, {'minutes': 2, 'caloriesOut': 6.779982, 'name': 'Fat Burn', 'min': 103, 'max': 128}, {'minutes': 0, 'caloriesOut': 0.0, 'name': 'Cardio', 'min': 129, 'max': 160}, {'minutes': 0, 'caloriesOut': 0.0, 'name': 'Peak', 'min': 161, 'max': 220}]","{'totalMinutes': 2, 'minutesInHeartRateZones': [{'minutes': 0, 'zoneName': 'Out of Range', 'order': 0, 'type': 'OUT_OF_ZONE', 'minuteMultiplier': 0}, {'minutes': 2, 'zoneName': 'Fat Burn', 'order': 1, 'type': 'FAT_BURN', 'minuteMultiplier': 1}, {'minutes': 0, 'zoneName': 'Cardio', 'order': 2, 'type': 'CARDIO', 'minuteMultiplier': 2}, {'minutes': 0, 'zoneName': 'Peak', 'order': 3, 'type': 'PEAK', 'minuteMultiplier': 2}]}"
2025-12-07 06:40:00+09:00,3565849077135873280,Meditating,7075,2025-12-07T06:40:00.000+09:00,4500000,75,77,0.0,0.0,Mile,manual,,,,"[{'minutes': 75, 'caloriesOut': 77.04525, 'name': 'Out of Range', 'min': 30, 'max': 102}, {'minutes': 0, 'caloriesOut': 0.0, 'name': 'Fat Burn', 'min': 103, 'max': 128}, {'minutes': 0, 'caloriesOut': 0.0, 'name': 'Cardio', 'min': 129, 'max': 160}, {'minutes': 0, 'caloriesOut': 0.0, 'name': 'Peak', 'min': 161, 'max': 220}]","{'totalMinutes': 0, 'minutesInHeartRateZones': [{'minutes': 0, 'zoneName': 'Out of Range', 'order': 0, 'type': 'OUT_OF_ZONE', 'minuteMultiplier': 0}, {'minutes': 0, 'zoneName': 'Fat Burn', 'order': 1, 'type': 'FAT_BURN', 'minuteMultiplier': 1}, {'minutes': 0, 'zoneName': 'Cardio', 'order': 2, 'type': 'CARDIO', 'minuteMultiplier': 2}, {'minutes': 0, 'zoneName': 'Peak', 'order': 3, 'type': 'PEAK', 'minuteMultiplier': 2}]}"
2025-12-07 08:14:36+09:00,4353406639894666064,Outdoor Bike,1071,2025-12-07T08:14:36.000+09:00,1024000,17,84,,0.467147,Mile,auto_detected,,,88.0,"[{'minutes': 17, 'caloriesOut': 84.441594, 'name': 'Out of Range', 'min': 30, 'max': 102}, {'minutes': 0, 'caloriesOut': 0.0, 'name': 'Fat Burn', 'min': 103, 'max': 128}, {'minutes': 0, 'caloriesOut': 0.0, 'name': 'Cardio', 'min': 129, 'max': 160}, {'minutes': 0, 'caloriesOut': 0.0, 'name': 'Peak', 'min': 161, 'max': 220}]","{'totalMinutes': 0, 'minutesInHeartRateZones': [{'minutes': 0, 'zoneName': 'Out of Range', 'order': 0, 'type': 'OUT_OF_ZONE', 'minuteMultiplier': 0}, {'minutes': 0, 'zoneName': 'Fat Burn', 'order': 1, 'type': 'FAT_BURN', 'minuteMultiplier': 1}, {'minutes': 0, 'zoneName': 'Cardio', 'order': 2, 'type': 'CARDIO', 'minuteMultiplier': 2}, {'minutes': 0, 'zoneName': 'Peak', 'order': 3, 'type': 'PEAK', 'minuteMultiplier': 2}]}"
2025-12-07 14:33:38+09:00,3863371579286139872,Weights,2131,2025-12-07T14:33:38.000+09:00,1089000,18,67,122.0,,,tracker,,,100.0,"[{'minutes': 10, 'caloriesOut': 35.338088, 'name': 'Out of Range', 'min': 30, 'max': 102}, {'minutes': 8, 'caloriesOut': 32.359005, 'name': 'Fat Burn', 'min': 103, 'max': 128}, {'minutes': 0, 'caloriesOut': 0.0, 'name': 'Cardio', 'min': 129, 'max': 160}, {'minutes': 0, 'caloriesOut': 0.0, 'name': 'Peak', 'min': 161, 'max': 220}]","{'totalMinutes': 8, 'minutesInHeartRateZones': [{'minutes': 0, 'zoneName': 'Out of Range', 'order': 0, 'type': 'OUT_OF_ZONE', 'minuteMultiplier': 0}, {'minutes': 8, 'zoneName': 'Fat Burn', 'order': 1, 'type': 'FAT_BURN', 'minuteMultiplier': 1}, {'minutes': 0, 'zoneName': 'Cardio', 'order': 2, 'type': 'CARDIO', 'minuteMultiplier': 2}, {'minutes': 0, 'zoneName': 'Peak', 'order': 3, 'type': 'PEAK', 'minuteMultiplier': 2}]}"
2025-12-07 20:14:47+09:00,1881685474727509088,Outdoor Bike,1071,2025-12-07T20:14:47.000+09:00,2714000,45,165,,0.390221,Mile,auto_detected,,,93.0,"[{'minutes': 40, 'caloriesOut': 141.660533, 'name': 'Out of Range', 'min': 30, 'max': 102}, {'minutes': 5, 'caloriesOut': 23.729937, 'name': 'Fat Burn', 'min': 103, 'max': 128}, {'minutes': 0, 'caloriesOut': 0.0, 'name': 'Cardio', 'min': 129, 'max': 160}, {'minutes': 0, 'caloriesOut': 0.0, 'name': 'Peak', 'min': 161, 'max': 220}]","{'totalMinutes': 5, 'minutesInHeartRateZones': [{'minutes': 0, 'zoneName': 'Out of Range', 'order': 0, 'type': 'OUT_OF_ZONE', 'minuteMultiplier': 0}, {'minutes': 5, 'zoneName': 'Fat Burn', 'order': 1, 'type': 'FAT_BURN', 'minuteMultiplier': 1}, {'minutes': 0, 'zoneName': 'Cardio', 'order': 2, 'type': 'CARDIO', 'minuteMultiplier': 2}, {'minutes': 0, 'zoneName': 'Peak', 'order': 3, 'type': 'PEAK', 'minuteMultiplier': 2}]}"
2025-12-08 06:56:57+09:00,5765315131690499984,Bike,90001,2025-12-08T06:56:57.000+09:00,941000,15,101,,2.630382,Mile,tracker,True,,132.0,"[{'minutes': 2, 'caloriesOut': 26.092658, 'name': 'Out of Range', 'min': 30, 'max': 102}, {'minutes': 2, 'caloriesOut': 13.149056, 'name': 'Fat Burn', 'min': 103, 'max': 128}, {'minutes': 10, 'caloriesOut': 56.294396, 'name': 'Cardio', 'min': 129, 'max': 160}, {'minutes': 1, 'caloriesOut': 6.16362, 'name': 'Peak', 'min': 161, 'max': 220}]","{'totalMinutes': 24, 'minutesInHeartRateZones': [{'minutes': 0, 'zoneName': 'Out of Range', 'order': 0, 'type': 'OUT_OF_ZONE', 'minuteMultiplier': 0}, {'minutes': 2, 'zoneName': 'Fat Burn', 'order': 1, 'type': 'FAT_BURN', 'minuteMultiplier': 1}, {'minutes': 10, 'zoneName': 'Cardio', 'order': 2, 'type': 'CARDIO', 'minuteMultiplier': 2}, {'minutes': 1, 'zoneName': 'Peak', 'order': 3, 'type': 'PEAK', 'minuteMultiplier': 2}]}"
2025-12-08 14:53:36+09:00,7250867963852228320,Weights,2131,2025-12-08T14:53:36.000+09:00,1103000,18,35,110.0,,,tracker,,,76.0,"[{'minutes': 18, 'caloriesOut': 35.338088, 'name': 'Out of Range', 'min': 30, 'max': 102}, {'minutes': 0, 'caloriesOut': 0.0, 'name': 'Fat Burn', 'min': 103, 'max': 128}, {'minutes': 0, 'caloriesOut': 0.0, 'name': 'Cardio', 'min': 129, 'max': 160}, {'minutes': 0, 'caloriesOut': 0.0, 'name': 'Peak', 'min': 161, 'max': 220}]","{'totalMinutes': 0, 'minutesInHeartRateZones': [{'minutes': 0, 'zoneName': 'Out of Range', 'order': 0, 'type': 'OUT_OF_ZONE', 'minuteMultiplier': 0}, {'minutes': 0, 'zoneName': 'Fat Burn', 'order': 1, 'type': 'FAT_BURN', 'minuteMultiplier': 1}, {'minutes': 0, 'zoneName': 'Cardio', 'order': 2, 'type': 'CARDIO', 'minuteMultiplier': 2}, {'minutes': 0, 'zoneName': 'Peak', 'order': 3, 'type': 'PEAK', 'minuteMultiplier': 2}]}"
2025-12-08 20:22:51+09:00,26628357085639160,Outdoor Bike,1071,2025-12-08T20:22:51.000+09:00,819000,13,66,,0.153292,Mile,auto_detected,,,105.0,"[{'minutes': 7, 'caloriesOut': 43.042613, 'name': 'Out of Range', 'min': 30, 'max': 102}, {'minutes': 4, 'caloriesOut': 14.176326, 'name': 'Fat Burn', 'min': 103, 'max': 128}, {'minutes': 2, 'caloriesOut': 8.834522, 'name': 'Cardio', 'min': 129, 'max': 160}, {'minutes': 0, 'caloriesOut': 0.0, 'name': 'Peak', 'min': 161, 'max': 220}]","{'totalMinutes': 8, 'minutesInHeartRateZones': [{'minutes': 0, 'zoneName': 'Out of Range', 'order': 0, 'type': 'OUT_OF_ZONE', 'minuteMultiplier': 0}, {'minutes': 4, 'zoneName': 'Fat Burn', 'order': 1, 'type': 'FAT_BURN', 'minuteMultiplier': 1}, {'minutes': 2, 'zoneName': 'Cardio', 'order': 2, 'type': 'CARDIO', 'minuteMultiplier': 2}, {'minutes': 0, 'zoneName': 'Peak', 'order': 3, 'type': 'PEAK', 'minuteMultiplier': 2}]}"
2025-12-09 06:47:04+09:00,7219536032607607328,Bike,90001,2025-12-09T06:47:04.000+09:00,1028000,17,128,,3.133556,Mile,tracker,True,,125.0,"[{'minutes': 2, 'caloriesOut': 21.57267, 'name': 'Out of Range', 'min': 30, 'max': 102}, {'minutes': 6, 'caloriesOut': 44.788972, 'name': 'Fat Burn', 'min': 103, 'max': 128}, {'minutes': 9, 'caloriesOut': 62.355289, 'name': 'Cardio', 'min': 129, 'max': 160}, {'minutes': 0, 'caloriesOut': 0.0, 'name': 'Peak', 'min': 161, 'max': 220}]","{'totalMinutes': 24, 'minutesInHeartRateZones': [{'minutes': 0, 'zoneName': 'Out of Range', 'order': 0, 'type': 'OUT_OF_ZONE', 'minuteMultiplier': 0}, {'minutes': 6, 'zoneName': 'Fat Burn', 'order': 1, 'type': 'FAT_BURN', 'minuteMultiplier': 1}, {'minutes': 9, 'zoneName': 'Cardio', 'order': 2, 'type': 'CARDIO', 'minuteMultiplier': 2}, {'minutes': 0, 'zoneName': 'Peak', 'order': 3, 'type': 'PEAK', 'minuteMultiplier': 2}]}"
2025-12-09 07:15:00+09:00,4113833091275954688,Meditating,7075,2025-12-09T07:15:00.000+09:00,300000,5,5,0.0,0.0,Mile,manual,,,84.0,"[{'minutes': 5, 'caloriesOut': 5.855439, 'name': 'Out of Range', 'min': 30, 'max': 102}, {'minutes': 0, 'caloriesOut': 0.0, 'name': 'Fat Burn', 'min': 103, 'max': 128}, {'minutes': 0, 'caloriesOut': 0.0, 'name': 'Cardio', 'min': 129, 'max': 160}, {'minutes': 0, 'caloriesOut': 0.0, 'name': 'Peak', 'min': 161, 'max': 220}]","{'totalMinutes': 0, 'minutesInHeartRateZones': [{'minutes': 0, 'zoneName': 'Out of Range', 'order': 0, 'type': 'OUT_OF_ZONE', 'minuteMultiplier': 0}, {'minutes': 0, 'zoneName': 'Fat Burn', 'order': 1, 'type': 'FAT_BURN', 'minuteMultiplier': 1}, {'minutes': 0, 'zoneName': 'Cardio', 'order': 2, 'type': 'CARDIO', 'minuteMultiplier': 2}, {'minutes': 0, 'zoneName': 'Peak', 'order': 3, 'type': 'PEAK', 'minuteMultiplier': 2}]}"
2025-12-09 16:14:55+09:00,2928161956356368976,Walk,90013,2025-12-09T16:14:55.000+09:00,666000,11,61,909.0,0.384318,Mile,auto_detected,,,84.0,"[{'minutes': 11, 'caloriesOut': 61.430746, 'name': 'Out of Range', 'min': 30, 'max': 102}, {'minutes': 0, 'caloriesOut': 0.0, 'name': 'Fat Burn', 'min': 103, 'max': 128}, {'minutes': 0, 'caloriesOut': 0.0, 'name': 'Cardio', 'min': 129, 'max': 160}, {'minutes': 0, 'caloriesOut': 0.0, 'name': 'Peak', 'min': 161, 'max': 220}]","{'totalMinutes': 0, 'minutesInHeartRateZones': [{'minutes': 0, 'zoneName': 'Out of Range', 'order': 0, 'type': 'OUT_OF_ZONE', 'minuteMultiplier': 0}, {'minutes': 0, 'zoneName': 'Fat Burn', 'order': 1, 'type': 'FAT_BURN', 'minuteMultiplier': 1}, {'minutes': 0, 'zoneName': 'Cardio', 'order': 2, 'type': 'CARDIO', 'minuteMultiplier': 2}, {'minutes': 0, 'zoneName': 'Peak', 'order': 3, 'type': 'PEAK', 'minuteMultiplier': 2}]}"
2025-12-09 20:39:26+09:00,6775337826945154664,Outdoor Bike,1071,2025-12-09T20:39:26.000+09:00,1382000,23,83,,0.141548,Mile,auto_detected,,,95.0,"[{'minutes': 20, 'caloriesOut': 70.676176, 'name': 'Out of Range', 'min': 30, 'max': 102}, {'minutes': 3, 'caloriesOut': 13.149056, 'name': 'Fat Burn', 'min': 103, 'max': 128}, {'minutes': 0, 'caloriesOut': 0.0, 'name': 'Cardio', 'min': 129, 'max': 160}, {'minutes': 0, 'caloriesOut': 0.0, 'name': 'Peak', 'min': 161, 'max': 220}]","{'totalMinutes': 3, 'minutesInHeartRateZones': [{'minutes': 0, 'zoneName': 'Out of Range', 'order': 0, 'type': 'OUT_OF_ZONE', 'minuteMultiplier': 0}, {'minutes': 3, 'zoneName': 'Fat Burn', 'order': 1, 'type': 'FAT_BURN', 'minuteMultiplier': 1}, {'minutes': 0, 'zoneName': 'Cardio', 'order': 2, 'type': 'CARDIO', 'minuteMultiplier': 2}, {'minutes': 0, 'zoneName': 'Peak', 'order': 3, 'type': 'PEAK', 'minuteMultiplier': 2}]}"
2025-12-10 07:04:59+09:00,436939295079526576,Bike,90001,2025-12-10T07:04:59.000+09:00,1179000,19,130,,3.1347,Mile,tracker,True,,118.0,"[{'minutes': 4, 'caloriesOut': 30.201738, 'name': 'Out of Range', 'min': 30, 'max': 102}, {'minutes': 8, 'caloriesOut': 45.19988, 'name': 'Fat Burn', 'min': 103, 'max': 128}, {'minutes': 7, 'caloriesOut': 55.47258, 'name': 'Cardio', 'min': 129, 'max': 160}, {'minutes': 0, 'caloriesOut': 0.0, 'name': 'Peak', 'min': 161, 'max': 220}]","{'totalMinutes': 22, 'minutesInHeartRateZones': [{'minutes': 0, 'zoneName': 'Out of Range', 'order': 0, 'type': 'OUT_OF_ZONE', 'minuteMultiplier': 0}, {'minutes': 8, 'zoneName': 'Fat Burn', 'order': 1, 'type': 'FAT_BURN', 'minuteMultiplier': 1}, {'minutes': 7, 'zoneName': 'Cardio', 'order': 2, 'type': 'CARDIO', 'minuteMultiplier': 2}, {'minutes': 0, 'zoneName': 'Peak', 'order': 3, 'type': 'PEAK', 'minuteMultiplier': 2}]}"
2025-12-10 07:13:00+09:00,3625515310123406416,Meditating,7075,2025-12-10T07:13:00.000+09:00,480000,8,56,400.0,0.166776,Mile,manual,,,129.0,"[{'minutes': 0, 'caloriesOut': 0.0, 'name': 'Out of Range', 'min': 30, 'max': 102}, {'minutes': 4, 'caloriesOut': 25.887204, 'name': 'Fat Burn', 'min': 103, 'max': 128}, {'minutes': 4, 'caloriesOut': 30.612646, 'name': 'Cardio', 'min': 129, 'max': 160}, {'minutes': 0, 'caloriesOut': 0.0, 'name': 'Peak', 'min': 161, 'max': 220}]","{'totalMinutes': 12, 'minutesInHeartRateZones': [{'minutes': 0, 'zoneName': 'Out of Range', 'order': 0, 'type': 'OUT_OF_ZONE', 'minuteMultiplier': 0}, {'minutes': 4, 'zoneName': 'Fat Burn', 'order': 1, 'type': 'FAT_BURN', 'minuteMultiplier': 1}, {'minutes': 4, 'zoneName': 'Cardio', 'order': 2, 'type': 'CARDIO', 'minuteMultiplier': 2}, {'minutes': 0, 'zoneName': 'Peak', 'order': 3, 'type': 'PEAK', 'minuteMultiplier': 2}]}"
2025-12-10 14:01:00+09:00,6150328506175391896,Strength training,91042,2025-12-10T14:01:26.000+09:00,1200000,20,62,210.0,,,tracker,,,83.0,"[{'minutes': 20, 'caloriesOut': 62.971651, 'name': 'Out of Range', 'min': 30, 'max': 102}, {'minutes': 0, 'caloriesOut': 0.0, 'name': 'Fat Burn', 'min': 103, 'max': 128}, {'minutes': 0, 'caloriesOut': 0.0, 'name': 'Cardio', 'min': 129, 'max': 160}, {'minutes': 0, 'caloriesOut': 0.0, 'name': 'Peak', 'min': 161, 'max': 220}]","{'totalMinutes': 0, 'minutesInHeartRateZones': [{'minutes': 0, 'zoneName': 'Out of Range', 'order': 0, 'type': 'OUT_OF_ZONE', 'minuteMultiplier': 0}, {'minutes': 0, 'zoneName': 'Fat Burn', 'order': 1, 'type': 'FAT_BURN', 'minuteMultiplier': 1}, {'minutes': 0, 'zoneName': 'Cardio', 'order': 2, 'type': 'CARDIO', 'minuteMultiplier': 2}, {'minutes': 0, 'zoneName': 'Peak', 'order': 3, 'type': 'PEAK', 'minuteMultiplier': 2}]}"
2025-12-10 18:22:21+09:00,8343553822393355216,Outdoor Bike,1071,2025-12-10T18:22:21.000+09:00,1439000,23,94,,0.205239,Mile,auto_detected,,,98.0,"[{'minutes': 18, 'caloriesOut': 77.969793, 'name': 'Out of Range', 'min': 30, 'max': 102}, {'minutes': 4, 'caloriesOut': 12.840875, 'name': 'Fat Burn', 'min': 103, 'max': 128}, {'minutes': 1, 'caloriesOut': 4.10908, 'name': 'Cardio', 'min': 129, 'max': 160}, {'minutes': 0, 'caloriesOut': 0.0, 'name': 'Peak', 'min': 161, 'max': 220}]","{'totalMinutes': 6, 'minutesInHeartRateZones': [{'minutes': 0, 'zoneName': 'Out of Range', 'order': 0, 'type': 'OUT_OF_ZONE', 'minuteMultiplier': 0}, {'minutes': 4, 'zoneName': 'Fat Burn', 'order': 1, 'type': 'FAT_BURN', 'minuteMultiplier': 1}, {'minutes': 1, 'zoneName': 'Cardio', 'order': 2, 'type': 'CARDIO', 'minuteMultiplier': 2}, {'minutes': 0, 'zoneName': 'Peak', 'order': 3, 'type': 'PEAK', 'minuteMultiplier': 2}]}"
2025-12-11 06:51:23+09:00,4710504651870141912,Bike,90001,2025-12-11T06:51:23.000+09:00,1066000,17,112,,3.119936,Mile,tracker,True,,109.0,"[{'minutes': 6, 'caloriesOut': 44.275337, 'name': 'Out of Range', 'min': 30, 'max': 102}, {'minutes': 10, 'caloriesOut': 60.60893, 'name': 'Fat Burn', 'min': 103, 'max': 128}, {'minutes': 1, 'caloriesOut': 7.19089, 'name': 'Cardio', 'min': 129, 'max': 160}, {'minutes': 0, 'caloriesOut': 0.0, 'name': 'Peak', 'min': 161, 'max': 220}]","{'totalMinutes': 12, 'minutesInHeartRateZones': [{'minutes': 0, 'zoneName': 'Out of Range', 'order': 0, 'type': 'OUT_OF_ZONE', 'minuteMultiplier': 0}, {'minutes': 10, 'zoneName': 'Fat Burn', 'order': 1, 'type': 'FAT_BURN', 'minuteMultiplier': 1}, {'minutes': 1, 'zoneName': 'Cardio', 'order': 2, 'type': 'CARDIO', 'minuteMultiplier': 2}, {'minutes': 0, 'zoneName': 'Peak', 'order': 3, 'type': 'PEAK', 'minuteMultiplier': 2}]}"
2025-12-11 07:30:00+09:00,3753657319855439320,Meditating,7075,2025-12-11T07:30:00.000+09:00,300000,5,5,0.0,0.0,Mile,manual,,,70.0,"[{'minutes': 5, 'caloriesOut': 5.855439, 'name': 'Out of Range', 'min': 30, 'max': 102}, {'minutes': 0, 'caloriesOut': 0.0, 'name': 'Fat Burn', 'min': 103, 'max': 128}, {'minutes': 0, 'caloriesOut': 0.0, 'name': 'Cardio', 'min': 129, 'max': 160}, {'minutes': 0, 'caloriesOut': 0.0, 'name': 'Peak', 'min': 161, 'max': 220}]","{'totalMinutes': 0, 'minutesInHeartRateZones': [{'minutes': 0, 'zoneName': 'Out of Range', 'order': 0, 'type': 'OUT_OF_ZONE', 'minuteMultiplier': 0}, {'minutes': 0, 'zoneName': 'Fat Burn', 'order': 1, 'type': 'FAT_BURN', 'minuteMultiplier': 1}, {'minutes': 0, 'zoneName': 'Cardio', 'order': 2, 'type': 'CARDIO', 'minuteMultiplier': 2}, {'minutes': 0, 'zoneName': 'Peak', 'order': 3, 'type': 'PEAK', 'minuteMultiplier': 2}]}"
2025-12-11 14:16:00+09:00,2259337176555235728,Weights,2131,2025-12-11T14:16:00.000+09:00,1241000,20,47,194.0,,,tracker,,,84.0,"[{'minutes': 20, 'caloriesOut': 52.39077, 'name': 'Out of Range', 'min': 30, 'max': 102}, {'minutes': 0, 'caloriesOut': 0.0, 'name': 'Fat Burn', 'min': 103, 'max': 128}, {'minutes': 0, 'caloriesOut': 0.0, 'name': 'Cardio', 'min': 129, 'max': 160}, {'minutes': 0, 'caloriesOut': 0.0, 'name': 'Peak', 'min': 161, 'max': 220}]","{'totalMinutes': 0, 'minutesInHeartRateZones': [{'minutes': 0, 'zoneName': 'Out of Range', 'order': 0, 'type': 'OUT_OF_ZONE', 'minuteMultiplier': 0}, {'minutes': 0, 'zoneName': 'Fat Burn', 'order': 1, 'type': 'FAT_BURN', 'minuteMultiplier': 1}, {'minutes': 0, 'zoneName': 'Cardio', 'order': 2, 'type': 'CARDIO', 'minuteMultiplier': 2}, {'minutes': 0, 'zoneName': 'Peak', 'order': 3, 'type': 'PEAK', 'minuteMultiplier': 2}]}"
2025-12-11 19:52:24+09:00,3534180235870418192,Outdoor Bike,1071,2025-12-11T19:52:24.000+09:00,768000,12,43,,0.133471,Mile,auto_detected,,,86.0,"[{'minutes': 11, 'caloriesOut': 39.858076, 'name': 'Out of Range', 'min': 30, 'max': 102}, {'minutes': 1, 'caloriesOut': 4.10908, 'name': 'Fat Burn', 'min': 103, 'max': 128}, {'minutes': 0, 'caloriesOut': 0.0, 'name': 'Cardio', 'min': 129, 'max': 160}, {'minutes': 0, 'caloriesOut': 0.0, 'name': 'Peak', 'min': 161, 'max': 220}]","{'totalMinutes': 1, 'minutesInHeartRateZones': [{'minutes': 0, 'zoneName': 'Out of Range', 'order': 0, 'type': 'OUT_OF_ZONE', 'minuteMultiplier': 0}, {'minutes': 1, 'zoneName': 'Fat Burn', 'order': 1, 'type': 'FAT_BURN', 'minuteMultiplier': 1}, {'minutes': 0, 'zoneName': 'Cardio', 'order': 2, 'type': 'CARDIO', 'minuteMultiplier': 2}, {'minutes': 0, 'zoneName': 'Peak', 'order': 3, 'type': 'PEAK', 'minuteMultiplier': 2}]}"
2025-12-11 20:29:57+09:00,3861120864641556096,Outdoor Bike,1071,2025-12-11T20:29:57.000+09:00,871000,14,45,,0.103458,Mile,auto_detected,,,85.0,"[{'minutes': 14, 'caloriesOut': 45.097153, 'name': 'Out of Range', 'min': 30, 'max': 102}, {'minutes': 0, 'caloriesOut': 0.0, 'name': 'Fat Burn', 'min': 103, 'max': 128}, {'minutes': 0, 'caloriesOut': 0.0, 'name': 'Cardio', 'min': 129, 'max': 160}, {'minutes': 0, 'caloriesOut': 0.0, 'name': 'Peak', 'min': 161, 'max': 220}]","{'totalMinutes': 0, 'minutesInHeartRateZones': [{'minutes': 0, 'zoneName': 'Out of Range', 'order': 0, 'type': 'OUT_OF_ZONE', 'minuteMultiplier': 0}, {'minutes': 0, 'zoneName': 'Fat Burn', 'order': 1, 'type': 'FAT_BURN', 'minuteMultiplier': 1}, {'minutes': 0, 'zoneName': 'Cardio', 'order': 2, 'type': 'CARDIO', 'minuteMultiplier': 2}, {'minutes': 0, 'zoneName': 'Peak', 'order': 3, 'type': 'PEAK', 'minuteMultiplier': 2}]}"
2025-12-12 06:58:40+09:00,5643427686696105640,Bike,90001,2025-12-12T06:58:40.000+09:00,1083000,18,125,,2.36223,Mile,tracker,True,,108.0,"[{'minutes': 5, 'caloriesOut': 47.768055, 'name': 'Out of Range', 'min': 30, 'max': 102}, {'minutes': 10, 'caloriesOut': 61.430746, 'name': 'Fat Burn', 'min': 103, 'max': 128}, {'minutes': 3, 'caloriesOut': 16.025412, 'name': 'Cardio', 'min': 129, 'max': 160}, {'minutes': 0, 'caloriesOut': 0.0, 'name': 'Peak', 'min': 161, 'max': 220}]","{'totalMinutes': 16, 'minutesInHeartRateZones': [{'minutes': 0, 'zoneName': 'Out of Range', 'order': 0, 'type': 'OUT_OF_ZONE', 'minuteMultiplier': 0}, {'minutes': 10, 'zoneName': 'Fat Burn', 'order': 1, 'type': 'FAT_BURN', 'minuteMultiplier': 1}, {'minutes': 3, 'zoneName': 'Cardio', 'order': 2, 'type': 'CARDIO', 'minuteMultiplier': 2}, {'minutes': 0, 'zoneName': 'Peak', 'order': 3, 'type': 'PEAK', 'minuteMultiplier': 2}]}"
2025-12-12 07:45:00+09:00,7219009461897246664,Meditating,7075,2025-12-12T07:45:00.000+09:00,300000,5,6,0.0,0.0,Mile,manual,,,68.0,"[{'minutes': 5, 'caloriesOut': 6.060893, 'name': 'Out of Range', 'min': 30, 'max': 102}, {'minutes': 0, 'caloriesOut': 0.0, 'name': 'Fat Burn', 'min': 103, 'max': 128}, {'minutes': 0, 'caloriesOut': 0.0, 'name': 'Cardio', 'min': 129, 'max': 160}, {'minutes': 0, 'caloriesOut': 0.0, 'name': 'Peak', 'min': 161, 'max': 220}]","{'totalMinutes': 0, 'minutesInHeartRateZones': [{'minutes': 0, 'zoneName': 'Out of Range', 'order': 0, 'type': 'OUT_OF_ZONE', 'minuteMultiplier': 0}, {'minutes': 0, 'zoneName': 'Fat Burn', 'order': 1, 'type': 'FAT_BURN', 'minuteMultiplier': 1}, {'minutes': 0, 'zoneName': 'Cardio', 'order': 2, 'type': 'CARDIO', 'minuteMultiplier': 2}, {'minutes': 0, 'zoneName': 'Peak', 'order': 3, 'type': 'PEAK', 'minuteMultiplier': 2}]}"
2025-12-12 13:42:50+09:00,4582482349846912832,Weights,2131,2025-12-12T13:42:50.000+09:00,1545000,25,94,79.0,,,tracker,,,83.0,"[{'minutes': 24, 'caloriesOut': 91.324303, 'name': 'Out of Range', 'min': 30, 'max': 102}, {'minutes': 1, 'caloriesOut': 3.389991, 'name': 'Fat Burn', 'min': 103, 'max': 128}, {'minutes': 0, 'caloriesOut': 0.0, 'name': 'Cardio', 'min': 129, 'max': 160}, {'minutes': 0, 'caloriesOut': 0.0, 'name': 'Peak', 'min': 161, 'max': 220}]","{'totalMinutes': 1, 'minutesInHeartRateZones': [{'minutes': 0, 'zoneName': 'Out of Range', 'order': 0, 'type': 'OUT_OF_ZONE', 'minuteMultiplier': 0}, {'minutes': 1, 'zoneName': 'Fat Burn', 'order': 1, 'type': 'FAT_BURN', 'minuteMultiplier': 1}, {'minutes': 0, 'zoneName': 'Cardio', 'order': 2, 'type': 'CARDIO', 'minuteMultiplier': 2}, {'minutes': 0, 'zoneName': 'Peak', 'order': 3, 'type': 'PEAK', 'minuteMultiplier': 2}]}"
2025-12-12 20:16:41+09:00,4846016373832729176,Outdoor Bike,1071,2025-12-12T20:16:41.000+09:00,819000,13,57,,0.147948,Mile,auto_detected,,,95.0,"[{'minutes': 10, 'caloriesOut': 47.25442, 'name': 'Out of Range', 'min': 30, 'max': 102}, {'minutes': 3, 'caloriesOut': 9.759065, 'name': 'Fat Burn', 'min': 103, 'max': 128}, {'minutes': 0, 'caloriesOut': 0.0, 'name': 'Cardio', 'min': 129, 'max': 160}, {'minutes': 0, 'caloriesOut': 0.0, 'name': 'Peak', 'min': 161, 'max': 220}]","{'totalMinutes': 3, 'minutesInHeartRateZones': [{'minutes': 0, 'zoneName': 'Out of Range', 'order': 0, 'type': 'OUT_OF_ZONE', 'minuteMultiplier': 0}, {'minutes': 3, 'zoneName': 'Fat Burn', 'order': 1, 'type': 'FAT_BURN', 'minuteMultiplier': 1}, {'minutes': 0, 'zoneName': 'Cardio', 'order': 2, 'type': 'CARDIO', 'minuteMultiplier': 2}, {'minutes': 0, 'zoneName': 'Peak', 'order': 3, 'type': 'PEAK', 'minuteMultiplier': 2}]}"
2025-12-13 06:42:09+09:00,5531268585197983736,Outdoor Bike,1071,2025-12-13T06:42:09.000+09:00,1229000,20,103,,0.325847,Mile,auto_detected,,,123.0,"[{'minutes': 2, 'caloriesOut': 17.669044, 'name': 'Out of Range', 'min': 30, 'max': 102}, {'minutes': 12, 'caloriesOut': 60.198022, 'name': 'Fat Burn', 'min': 103, 'max': 128}, {'minutes': 6, 'caloriesOut': 25.476296, 'name': 'Cardio', 'min': 129, 'max': 160}, {'minutes': 0, 'caloriesOut': 0.0, 'name': 'Peak', 'min': 161, 'max': 220}]","{'totalMinutes': 24, 'minutesInHeartRateZones': [{'minutes': 0, 'zoneName': 'Out of Range', 'order': 0, 'type': 'OUT_OF_ZONE', 'minuteMultiplier': 0}, {'minutes': 12, 'zoneName': 'Fat Burn', 'order': 1, 'type': 'FAT_BURN', 'minuteMultiplier': 1}, {'minutes': 6, 'zoneName': 'Cardio', 'order': 2, 'type': 'CARDIO', 'minuteMultiplier': 2}, {'minutes': 0, 'zoneName': 'Peak', 'order': 3, 'type': 'PEAK', 'minuteMultiplier': 2}]}"
2025-12-13 07:00:00+09:00,7973260060118440856,Meditating,7075,2025-12-13T07:00:00.000+09:00,1800000,30,39,141.0,0.062199,Mile,manual,,,153.0,"[{'minutes': 27, 'caloriesOut': 27.73629, 'name': 'Out of Range', 'min': 30, 'max': 102}, {'minutes': 0, 'caloriesOut': 0.0, 'name': 'Fat Burn', 'min': 103, 'max': 128}, {'minutes': 3, 'caloriesOut': 11.29997, 'name': 'Cardio', 'min': 129, 'max': 160}, {'minutes': 0, 'caloriesOut': 0.0, 'name': 'Peak', 'min': 161, 'max': 220}]","{'totalMinutes': 6, 'minutesInHeartRateZones': [{'minutes': 0, 'zoneName': 'Out of Range', 'order': 0, 'type': 'OUT_OF_ZONE', 'minuteMultiplier': 0}, {'minutes': 0, 'zoneName': 'Fat Burn', 'order': 1, 'type': 'FAT_BURN', 'minuteMultiplier': 1}, {'minutes': 3, 'zoneName': 'Cardio', 'order': 2, 'type': 'CARDIO', 'minuteMultiplier': 2}, {'minutes': 0, 'zoneName': 'Peak', 'order': 3, 'type': 'PEAK', 'minuteMultiplier': 2}]}"
2025-12-13 08:03:13+09:00,5905008293682218408,Outdoor Bike,1071,2025-12-13T08:03:13.000+09:00,666000,11,42,,0.106503,Mile,auto_detected,,,97.0,"[{'minutes': 10, 'caloriesOut': 39.138987, 'name': 'Out of Range', 'min': 30, 'max': 102}, {'minutes': 1, 'caloriesOut': 3.287264, 'name': 'Fat Burn', 'min': 103, 'max': 128}, {'minutes': 0, 'caloriesOut': 0.0, 'name': 'Cardio', 'min': 129, 'max': 160}, {'minutes': 0, 'caloriesOut': 0.0, 'name': 'Peak', 'min': 161, 'max': 220}]","{'totalMinutes': 1, 'minutesInHeartRateZones': [{'minutes': 0, 'zoneName': 'Out of Range', 'order': 0, 'type': 'OUT_OF_ZONE', 'minuteMultiplier': 0}, {'minutes': 1, 'zoneName': 'Fat Burn', 'order': 1, 'type': 'FAT_BURN', 'minuteMultiplier': 1}, {'minutes': 0, 'zoneName': 'Cardio', 'order': 2, 'type': 'CARDIO', 'minuteMultiplier': 2}, {'minutes': 0, 'zoneName': 'Peak', 'order': 3, 'type': 'PEAK', 'minuteMultiplier': 2}]}"
2025-12-13 15:20:20+09:00,3063114347552795488,Weights,2131,2025-12-13T15:20:20.000+09:00,1263000,21,120,65.0,,,tracker,,,112.0,"[{'minutes': 1, 'caloriesOut': 9.039976, 'name': 'Out of Range', 'min': 30, 'max': 102}, {'minutes': 20, 'caloriesOut': 111.766976, 'name': 'Fat Burn', 'min': 103, 'max': 128}, {'minutes': 0, 'caloriesOut': 0.0, 'name': 'Cardio', 'min': 129, 'max': 160}, {'minutes': 0, 'caloriesOut': 0.0, 'name': 'Peak', 'min': 161, 'max': 220}]","{'totalMinutes': 20, 'minutesInHeartRateZones': [{'minutes': 0, 'zoneName': 'Out of Range', 'order': 0, 'type': 'OUT_OF_ZONE', 'minuteMultiplier': 0}, {'minutes': 20, 'zoneName': 'Fat Burn', 'order': 1, 'type': 'FAT_BURN', 'minuteMultiplier': 1}, {'minutes': 0, 'zoneName': 'Cardio', 'order': 2, 'type': 'CARDIO', 'minuteMultiplier': 2}, {'minutes': 0, 'zoneName': 'Peak', 'order': 3, 'type': 'PEAK', 'minuteMultiplier': 2}]}"
2025-12-13 16:00:04.809000+09:00,1887137255772221720,Meditating,7075,2025-12-13T16:00:04.809+09:00,600000,10,37,124.0,0.054619,Mile,manual,,,106.0,"[{'minutes': 5, 'caloriesOut': 21.778124, 'name': 'Out of Range', 'min': 30, 'max': 102}, {'minutes': 5, 'caloriesOut': 21.880851, 'name': 'Fat Burn', 'min': 103, 'max': 128}, {'minutes': 0, 'caloriesOut': 0.0, 'name': 'Cardio', 'min': 129, 'max': 160}, {'minutes': 0, 'caloriesOut': 0.0, 'name': 'Peak', 'min': 161, 'max': 220}]","{'totalMinutes': 5, 'minutesInHeartRateZones': [{'minutes': 0, 'zoneName': 'Out of Range', 'order': 0, 'type': 'OUT_OF_ZONE', 'minuteMultiplier': 0}, {'minutes': 5, 'zoneName': 'Fat Burn', 'order': 1, 'type': 'FAT_BURN', 'minuteMultiplier': 1}, {'minutes': 0, 'zoneName': 'Cardio', 'order': 2, 'type': 'CARDIO', 'minuteMultiplier': 2}, {'minutes': 0, 'zoneName': 'Peak', 'order': 3, 'type': 'PEAK', 'minuteMultiplier': 2}]}"
2025-12-13 18:56:00+09:00,8442272577810463504,Outdoor Bike,1071,2025-12-13T18:56:00.000+09:00,1485000,24,88,,0.217169,Mile,auto_detected,,,102.0,"[{'minutes': 14, 'caloriesOut': 44.686245, 'name': 'Out of Range', 'min': 30, 'max': 102}, {'minutes': 10, 'caloriesOut': 43.967156, 'name': 'Fat Burn', 'min': 103, 'max': 128}, {'minutes': 0, 'caloriesOut': 0.0, 'name': 'Cardio', 'min': 129, 'max': 160}, {'minutes': 0, 'caloriesOut': 0.0, 'name': 'Peak', 'min': 161, 'max': 220}]","{'totalMinutes': 10, 'minutesInHeartRateZones': [{'minutes': 0, 'zoneName': 'Out of Range', 'order': 0, 'type': 'OUT_OF_ZONE', 'minuteMultiplier': 0}, {'minutes': 10, 'zoneName': 'Fat Burn', 'order': 1, 'type': 'FAT_BURN', 'minuteMultiplier': 1}, {'minutes': 0, 'zoneName': 'Cardio', 'order': 2, 'type': 'CARDIO', 'minuteMultiplier': 2}, {'minutes': 0, 'zoneName': 'Peak', 'order': 3, 'type': 'PEAK', 'minuteMultiplier': 2}]}"
2025-12-13 20:14:29+09:00,3850557517770989808,Outdoor Bike,1071,2025-12-13T20:14:29.000+09:00,768000,12,28,,0.037344,Mile,auto_detected,,,86.0,"[{'minutes': 12, 'caloriesOut': 28.866287, 'name': 'Out of Range', 'min': 30, 'max': 102}, {'minutes': 0, 'caloriesOut': 0.0, 'name': 'Fat Burn', 'min': 103, 'max': 128}, {'minutes': 0, 'caloriesOut': 0.0, 'name': 'Cardio', 'min': 129, 'max': 160}, {'minutes': 0, 'caloriesOut': 0.0, 'name': 'Peak', 'min': 161, 'max': 220}]","{'totalMinutes': 0, 'minutesInHeartRateZones': [{'minutes': 0, 'zoneName': 'Out of Range', 'order': 0, 'type': 'OUT_OF_ZONE', 'minuteMultiplier': 0}, {'minutes': 0, 'zoneName': 'Fat Burn', 'order': 1, 'type': 'FAT_BURN', 'minuteMultiplier': 1}, {'minutes': 0, 'zoneName': 'Cardio', 'order': 2, 'type': 'CARDIO', 'minuteMultiplier': 2}, {'minutes': 0, 'zoneName': 'Peak', 'order': 3, 'type': 'PEAK', 'minuteMultiplier': 2}]}"
2025-12-14 07:20:01+09:00,8911619480999933568,Outdoor Bike,1071,2025-12-14T07:20:01.000+09:00,1075000,17,81,,0.293909,Mile,auto_detected,,,107.0,"[{'minutes': 10, 'caloriesOut': 44.686245, 'name': 'Out of Range', 'min': 30, 'max': 102}, {'minutes': 7, 'caloriesOut': 36.365358, 'name': 'Fat Burn', 'min': 103, 'max': 128}, {'minutes': 0, 'caloriesOut': 0.0, 'name': 'Cardio', 'min': 129, 'max': 160}, {'minutes': 0, 'caloriesOut': 0.0, 'name': 'Peak', 'min': 161, 'max': 220}]","{'totalMinutes': 7, 'minutesInHeartRateZones': [{'minutes': 0, 'zoneName': 'Out of Range', 'order': 0, 'type': 'OUT_OF_ZONE', 'minuteMultiplier': 0}, {'minutes': 7, 'zoneName': 'Fat Burn', 'order': 1, 'type': 'FAT_BURN', 'minuteMultiplier': 1}, {'minutes': 0, 'zoneName': 'Cardio', 'order': 2, 'type': 'CARDIO', 'minuteMultiplier': 2}, {'minutes': 0, 'zoneName': 'Peak', 'order': 3, 'type': 'PEAK', 'minuteMultiplier': 2}]}"
2025-12-14 07:40:00+09:00,6001910151139189248,Meditating,7075,2025-12-14T07:40:00.000+09:00,1200000,20,37,55.0,0.013297,Mile,manual,,,80.0,"[{'minutes': 18, 'caloriesOut': 27.73629, 'name': 'Out of Range', 'min': 30, 'max': 102}, {'minutes': 2, 'caloriesOut': 9.348157, 'name': 'Fat Burn', 'min': 103, 'max': 128}, {'minutes': 0, 'caloriesOut': 0.0, 'name': 'Cardio', 'min': 129, 'max': 160}, {'minutes': 0, 'caloriesOut': 0.0, 'name': 'Peak', 'min': 161, 'max': 220}]","{'totalMinutes': 2, 'minutesInHeartRateZones': [{'minutes': 0, 'zoneName': 'Out of Range', 'order': 0, 'type': 'OUT_OF_ZONE', 'minuteMultiplier': 0}, {'minutes': 2, 'zoneName': 'Fat Burn', 'order': 1, 'type': 'FAT_BURN', 'minuteMultiplier': 1}, {'minutes': 0, 'zoneName': 'Cardio', 'order': 2, 'type': 'CARDIO', 'minuteMultiplier': 2}, {'minutes': 0, 'zoneName': 'Peak', 'order': 3, 'type': 'PEAK', 'minuteMultiplier': 2}]}"
2025-12-14 10:32:04+09:00,4680207795923651560,Outdoor Bike,1071,2025-12-14T10:32:04.000+09:00,820000,13,57,,0.19219,Mile,auto_detected,,,104.0,"[{'minutes': 7, 'caloriesOut': 31.331735, 'name': 'Out of Range', 'min': 30, 'max': 102}, {'minutes': 6, 'caloriesOut': 26.195385, 'name': 'Fat Burn', 'min': 103, 'max': 128}, {'minutes': 0, 'caloriesOut': 0.0, 'name': 'Cardio', 'min': 129, 'max': 160}, {'minutes': 0, 'caloriesOut': 0.0, 'name': 'Peak', 'min': 161, 'max': 220}]","{'totalMinutes': 6, 'minutesInHeartRateZones': [{'minutes': 0, 'zoneName': 'Out of Range', 'order': 0, 'type': 'OUT_OF_ZONE', 'minuteMultiplier': 0}, {'minutes': 6, 'zoneName': 'Fat Burn', 'order': 1, 'type': 'FAT_BURN', 'minuteMultiplier': 1}, {'minutes': 0, 'zoneName': 'Cardio', 'order': 2, 'type': 'CARDIO', 'minuteMultiplier': 2}, {'minutes': 0, 'zoneName': 'Peak', 'order': 3, 'type': 'PEAK', 'minuteMultiplier': 2}]}"
2025-12-14 14:00:00+09:00,4866552489541904440,Meditating,7075,2025-12-14T14:00:00.000+09:00,1800000,30,31,0.0,0.0,Mile,manual,,,66.0,"[{'minutes': 30, 'caloriesOut': 31.537189, 'name': 'Out of Range', 'min': 30, 'max': 102}, {'minutes': 0, 'caloriesOut': 0.0, 'name': 'Fat Burn', 'min': 103, 'max': 128}, {'minutes': 0, 'caloriesOut': 0.0, 'name': 'Cardio', 'min': 129, 'max': 160}, {'minutes': 0, 'caloriesOut': 0.0, 'name': 'Peak', 'min': 161, 'max': 220}]","{'totalMinutes': 0, 'minutesInHeartRateZones': [{'minutes': 0, 'zoneName': 'Out of Range', 'order': 0, 'type': 'OUT_OF_ZONE', 'minuteMultiplier': 0}, {'minutes': 0, 'zoneName': 'Fat Burn', 'order': 1, 'type': 'FAT_BURN', 'minuteMultiplier': 1}, {'minutes': 0, 'zoneName': 'Cardio', 'order': 2, 'type': 'CARDIO', 'minuteMultiplier': 2}, {'minutes': 0, 'zoneName': 'Peak', 'order': 3, 'type': 'PEAK', 'minuteMultiplier': 2}]}"
2025-12-14 16:06:35+09:00,5993406323795279328,Outdoor Bike,1071,2025-12-14T16:06:35.000+09:00,817000,13,42,,0.126635,Mile,auto_detected,,,87.0,"[{'minutes': 13, 'caloriesOut': 42.426251, 'name': 'Out of Range', 'min': 30, 'max': 102}, {'minutes': 0, 'caloriesOut': 0.0, 'name': 'Fat Burn', 'min': 103, 'max': 128}, {'minutes': 0, 'caloriesOut': 0.0, 'name': 'Cardio', 'min': 129, 'max': 160}, {'minutes': 0, 'caloriesOut': 0.0, 'name': 'Peak', 'min': 161, 'max': 220}]","{'totalMinutes': 0, 'minutesInHeartRateZones': [{'minutes': 0, 'zoneName': 'Out of Range', 'order': 0, 'type': 'OUT_OF_ZONE', 'minuteMultiplier': 0}, {'minutes': 0, 'zoneName': 'Fat Burn', 'order': 1, 'type': 'FAT_BURN', 'minuteMultiplier': 1}, {'minutes': 0, 'zoneName': 'Cardio', 'order': 2, 'type': 'CARDIO', 'minuteMultiplier': 2}, {'minutes': 0, 'zoneName': 'Peak', 'order': 3, 'type': 'PEAK', 'minuteMultiplier': 2}]}"
2025-12-14 17:30:00+09:00,7996523506783825784,Meditating,7075,2025-12-14T17:30:00.000+09:00,900000,15,18,0.0,0.0,Mile,manual,,,70.0,"[{'minutes': 15, 'caloriesOut': 18.901768, 'name': 'Out of Range', 'min': 30, 'max': 102}, {'minutes': 0, 'caloriesOut': 0.0, 'name': 'Fat Burn', 'min': 103, 'max': 128}, {'minutes': 0, 'caloriesOut': 0.0, 'name': 'Cardio', 'min': 129, 'max': 160}, {'minutes': 0, 'caloriesOut': 0.0, 'name': 'Peak', 'min': 161, 'max': 220}]","{'totalMinutes': 0, 'minutesInHeartRateZones': [{'minutes': 0, 'zoneName': 'Out of Range', 'order': 0, 'type': 'OUT_OF_ZONE', 'minuteMultiplier': 0}, {'minutes': 0, 'zoneName': 'Fat Burn', 'order': 1, 'type': 'FAT_BURN', 'minuteMultiplier': 1}, {'minutes': 0, 'zoneName': 'Cardio', 'order': 2, 'type': 'CARDIO', 'minuteMultiplier': 2}, {'minutes': 0, 'zoneName': 'Peak', 'order': 3, 'type': 'PEAK', 'minuteMultiplier': 2}]}"
2025-12-15 07:40:04+09:00,5951525724085288416,Bike,90001,2025-12-15T07:40:04.000+09:00,1152000,19,111,,3.015216,Mile,tracker,True,,114.0,"[{'minutes': 4, 'caloriesOut': 24.551753, 'name': 'Out of Range', 'min': 30, 'max': 103}, {'minutes': 13, 'caloriesOut': 70.573449, 'name': 'Fat Burn', 'min': 104, 'max': 128}, {'minutes': 2, 'caloriesOut': 16.025412, 'name': 'Cardio', 'min': 129, 'max': 160}, {'minutes': 0, 'caloriesOut': 0.0, 'name': 'Peak', 'min': 161, 'max': 220}]","{'totalMinutes': 17, 'minutesInHeartRateZones': [{'minutes': 0, 'zoneName': 'Out of Range', 'order': 0, 'type': 'OUT_OF_ZONE', 'minuteMultiplier': 0}, {'minutes': 13, 'zoneName': 'Fat Burn', 'order': 1, 'type': 'FAT_BURN', 'minuteMultiplier': 1}, {'minutes': 2, 'zoneName': 'Cardio', 'order': 2, 'type': 'CARDIO', 'minuteMultiplier': 2}, {'minutes': 0, 'zoneName': 'Peak', 'order': 3, 'type': 'PEAK', 'minuteMultiplier': 2}]}"
2025-12-15 08:25:00+09:00,8686282466590667104,Meditating,7075,2025-12-15T08:25:00.000+09:00,300000,5,6,0.0,0.0,Mile,manual,,,70.0,"[{'minutes': 5, 'caloriesOut': 6.060893, 'name': 'Out of Range', 'min': 30, 'max': 103}, {'minutes': 0, 'caloriesOut': 0.0, 'name': 'Fat Burn', 'min': 104, 'max': 128}, {'minutes': 0, 'caloriesOut': 0.0, 'name': 'Cardio', 'min': 129, 'max': 160}, {'minutes': 0, 'caloriesOut': 0.0, 'name': 'Peak', 'min': 161, 'max': 220}]","{'totalMinutes': 0, 'minutesInHeartRateZones': [{'minutes': 0, 'zoneName': 'Out of Range', 'order': 0, 'type': 'OUT_OF_ZONE', 'minuteMultiplier': 0}, {'minutes': 0, 'zoneName': 'Fat Burn', 'order': 1, 'type': 'FAT_BURN', 'minuteMultiplier': 1}, {'minutes': 0, 'zoneName': 'Cardio', 'order': 2, 'type': 'CARDIO', 'minuteMultiplier': 2}, {'minutes': 0, 'zoneName': 'Peak', 'order': 3, 'type': 'PEAK', 'minuteMultiplier': 2}]}"
2025-12-15 13:03:13+09:00,7391063885263299456,Weights,2131,2025-12-15T13:03:13.000+09:00,1776000,29,138,189.0,,,tracker,,,102.0,"[{'minutes': 16, 'caloriesOut': 69.340725, 'name': 'Out of Range', 'min': 30, 'max': 103}, {'minutes': 13, 'caloriesOut': 69.340725, 'name': 'Fat Burn', 'min': 104, 'max': 128}, {'minutes': 0, 'caloriesOut': 0.0, 'name': 'Cardio', 'min': 129, 'max': 160}, {'minutes': 0, 'caloriesOut': 0.0, 'name': 'Peak', 'min': 161, 'max': 220}]","{'totalMinutes': 13, 'minutesInHeartRateZones': [{'minutes': 0, 'zoneName': 'Out of Range', 'order': 0, 'type': 'OUT_OF_ZONE', 'minuteMultiplier': 0}, {'minutes': 13, 'zoneName': 'Fat Burn', 'order': 1, 'type': 'FAT_BURN', 'minuteMultiplier': 1}, {'minutes': 0, 'zoneName': 'Cardio', 'order': 2, 'type': 'CARDIO', 'minuteMultiplier': 2}, {'minutes': 0, 'zoneName': 'Peak', 'order': 3, 'type': 'PEAK', 'minuteMultiplier': 2}]}"
2025-12-15 19:18:39+09:00,4733732426611403032,Outdoor Bike,1071,2025-12-15T19:18:39.000+09:00,1382000,23,98,,0.192128,Mile,auto_detected,,,104.0,"[{'minutes': 13, 'caloriesOut': 52.801678, 'name': 'Out of Range', 'min': 30, 'max': 103}, {'minutes': 10, 'caloriesOut': 46.124423, 'name': 'Fat Burn', 'min': 104, 'max': 128}, {'minutes': 0, 'caloriesOut': 0.0, 'name': 'Cardio', 'min': 129, 'max': 160}, {'minutes': 0, 'caloriesOut': 0.0, 'name': 'Peak', 'min': 161, 'max': 220}]","{'totalMinutes': 10, 'minutesInHeartRateZones': [{'minutes': 0, 'zoneName': 'Out of Range', 'order': 0, 'type': 'OUT_OF_ZONE', 'minuteMultiplier': 0}, {'minutes': 10, 'zoneName': 'Fat Burn', 'order': 1, 'type': 'FAT_BURN', 'minuteMultiplier': 1}, {'minutes': 0, 'zoneName': 'Cardio', 'order': 2, 'type': 'CARDIO', 'minuteMultiplier': 2}, {'minutes': 0, 'zoneName': 'Peak', 'order': 3, 'type': 'PEAK', 'minuteMultiplier': 2}]}"
2025-12-16 06:51:32+09:00,512468821969918272,Outdoor Bike,1071,2025-12-16T06:51:32.000+09:00,1127000,18,104,,0.655919,Mile,auto_detected,,,104.0,"[{'minutes': 10, 'caloriesOut': 64.307102, 'name': 'Out of Range', 'min': 30, 'max': 103}, {'minutes': 8, 'caloriesOut': 40.679892, 'name': 'Fat Burn', 'min': 104, 'max': 128}, {'minutes': 0, 'caloriesOut': 0.0, 'name': 'Cardio', 'min': 129, 'max': 160}, {'minutes': 0, 'caloriesOut': 0.0, 'name': 'Peak', 'min': 161, 'max': 220}]","{'totalMinutes': 8, 'minutesInHeartRateZones': [{'minutes': 0, 'zoneName': 'Out of Range', 'order': 0, 'type': 'OUT_OF_ZONE', 'minuteMultiplier': 0}, {'minutes': 8, 'zoneName': 'Fat Burn', 'order': 1, 'type': 'FAT_BURN', 'minuteMultiplier': 1}, {'minutes': 0, 'zoneName': 'Cardio', 'order': 2, 'type': 'CARDIO', 'minuteMultiplier': 2}, {'minutes': 0, 'zoneName': 'Peak', 'order': 3, 'type': 'PEAK', 'minuteMultiplier': 2}]}"
2025-12-17 06:56:24+09:00,6769118240991428600,Bike,90001,2025-12-17T06:56:24.000+09:00,1291000,21,119,,3.399466,Mile,tracker,True,,111.0,"[{'minutes': 10, 'caloriesOut': 59.273479, 'name': 'Out of Range', 'min': 30, 'max': 103}, {'minutes': 8, 'caloriesOut': 36.878993, 'name': 'Fat Burn', 'min': 104, 'max': 129}, {'minutes': 3, 'caloriesOut': 22.908121, 'name': 'Cardio', 'min': 130, 'max': 160}, {'minutes': 0, 'caloriesOut': 0.0, 'name': 'Peak', 'min': 161, 'max': 220}]","{'totalMinutes': 14, 'minutesInHeartRateZones': [{'minutes': 0, 'zoneName': 'Out of Range', 'order': 0, 'type': 'OUT_OF_ZONE', 'minuteMultiplier': 0}, {'minutes': 8, 'zoneName': 'Fat Burn', 'order': 1, 'type': 'FAT_BURN', 'minuteMultiplier': 1}, {'minutes': 3, 'zoneName': 'Cardio', 'order': 2, 'type': 'CARDIO', 'minuteMultiplier': 2}, {'minutes': 0, 'zoneName': 'Peak', 'order': 3, 'type': 'PEAK', 'minuteMultiplier': 2}]}"
2025-12-17 14:09:49+09:00,986752744239408944,Weights,2131,2025-12-17T14:09:49.000+09:00,1939000,32,115,175.0,,,tracker,,,92.0,"[{'minutes': 30, 'caloriesOut': 110.534252, 'name': 'Out of Range', 'min': 30, 'max': 103}, {'minutes': 2, 'caloriesOut': 5.13635, 'name': 'Fat Burn', 'min': 104, 'max': 129}, {'minutes': 0, 'caloriesOut': 0.0, 'name': 'Cardio', 'min': 130, 'max': 160}, {'minutes': 0, 'caloriesOut': 0.0, 'name': 'Peak', 'min': 161, 'max': 220}]","{'totalMinutes': 2, 'minutesInHeartRateZones': [{'minutes': 0, 'zoneName': 'Out of Range', 'order': 0, 'type': 'OUT_OF_ZONE', 'minuteMultiplier': 0}, {'minutes': 2, 'zoneName': 'Fat Burn', 'order': 1, 'type': 'FAT_BURN', 'minuteMultiplier': 1}, {'minutes': 0, 'zoneName': 'Cardio', 'order': 2, 'type': 'CARDIO', 'minuteMultiplier': 2}, {'minutes': 0, 'zoneName': 'Peak', 'order': 3, 'type': 'PEAK', 'minuteMultiplier': 2}]}"
2025-12-17 18:18:28+09:00,3483492031990671216,Outdoor Bike,1071,2025-12-17T18:18:28.000+09:00,2099000,34,186,,0.469073,Mile,auto_detected,,,110.0,"[{'minutes': 8, 'caloriesOut': 49.822595, 'name': 'Out of Range', 'min': 30, 'max': 103}, {'minutes': 23, 'caloriesOut': 118.033323, 'name': 'Fat Burn', 'min': 104, 'max': 129}, {'minutes': 3, 'caloriesOut': 18.49086, 'name': 'Cardio', 'min': 130, 'max': 160}, {'minutes': 0, 'caloriesOut': 0.0, 'name': 'Peak', 'min': 161, 'max': 220}]","{'totalMinutes': 29, 'minutesInHeartRateZones': [{'minutes': 0, 'zoneName': 'Out of Range', 'order': 0, 'type': 'OUT_OF_ZONE', 'minuteMultiplier': 0}, {'minutes': 23, 'zoneName': 'Fat Burn', 'order': 1, 'type': 'FAT_BURN', 'minuteMultiplier': 1}, {'minutes': 3, 'zoneName': 'Cardio', 'order': 2, 'type': 'CARDIO', 'minuteMultiplier': 2}, {'minutes': 0, 'zoneName': 'Peak', 'order': 3, 'type': 'PEAK', 'minuteMultiplier': 2}]}"
2025-12-18 07:00:17+09:00,5864340147880596800,Bike,90001,2025-12-18T07:00:17.000+09:00,1085000,18,117,,3.042768,Mile,tracker,True,,121.0,"[{'minutes': 4, 'caloriesOut': 31.229008, 'name': 'Out of Range', 'min': 30, 'max': 103}, {'minutes': 8, 'caloriesOut': 47.665328, 'name': 'Fat Burn', 'min': 104, 'max': 128}, {'minutes': 6, 'caloriesOut': 39.03626, 'name': 'Cardio', 'min': 129, 'max': 160}, {'minutes': 0, 'caloriesOut': 0.0, 'name': 'Peak', 'min': 161, 'max': 220}]","{'totalMinutes': 20, 'minutesInHeartRateZones': [{'minutes': 0, 'zoneName': 'Out of Range', 'order': 0, 'type': 'OUT_OF_ZONE', 'minuteMultiplier': 0}, {'minutes': 8, 'zoneName': 'Fat Burn', 'order': 1, 'type': 'FAT_BURN', 'minuteMultiplier': 1}, {'minutes': 6, 'zoneName': 'Cardio', 'order': 2, 'type': 'CARDIO', 'minuteMultiplier': 2}, {'minutes': 0, 'zoneName': 'Peak', 'order': 3, 'type': 'PEAK', 'minuteMultiplier': 2}]}"
2025-12-18 07:12:46.604000+09:00,4076233772230697520,Meditating,7075,2025-12-18T07:12:46.604+09:00,480000,8,51,415.0,0.161308,Mile,manual,,,125.0,"[{'minutes': 1, 'caloriesOut': 21.675397, 'name': 'Out of Range', 'min': 30, 'max': 103}, {'minutes': 4, 'caloriesOut': 21.57267, 'name': 'Fat Burn', 'min': 104, 'max': 128}, {'minutes': 3, 'caloriesOut': 23.010848, 'name': 'Cardio', 'min': 129, 'max': 160}, {'minutes': 0, 'caloriesOut': 0.0, 'name': 'Peak', 'min': 161, 'max': 220}]","{'totalMinutes': 10, 'minutesInHeartRateZones': [{'minutes': 0, 'zoneName': 'Out of Range', 'order': 0, 'type': 'OUT_OF_ZONE', 'minuteMultiplier': 0}, {'minutes': 4, 'zoneName': 'Fat Burn', 'order': 1, 'type': 'FAT_BURN', 'minuteMultiplier': 1}, {'minutes': 3, 'zoneName': 'Cardio', 'order': 2, 'type': 'CARDIO', 'minuteMultiplier': 2}, {'minutes': 0, 'zoneName': 'Peak', 'order': 3, 'type': 'PEAK', 'minuteMultiplier': 2}]}"
2025-12-18 15:18:27+09:00,2143347532539722600,Bike,90001,2025-12-18T15:18:27.000+09:00,6000,0,0,,0.0,Mile,tracker,,,67.0,"[{'minutes': 0, 'caloriesOut': 0.0, 'name': 'Out of Range', 'min': 30, 'max': 103}, {'minutes': 0, 'caloriesOut': 0.0, 'name': 'Fat Burn', 'min': 104, 'max': 128}, {'minutes': 0, 'caloriesOut': 0.0, 'name': 'Cardio', 'min': 129, 'max': 160}, {'minutes': 0, 'caloriesOut': 0.0, 'name': 'Peak', 'min': 161, 'max': 220}]","{'totalMinutes': 0, 'minutesInHeartRateZones': [{'minutes': 0, 'zoneName': 'Out of Range', 'order': 0, 'type': 'OUT_OF_ZONE', 'minuteMultiplier': 0}, {'minutes': 0, 'zoneName': 'Fat Burn', 'order': 1, 'type': 'FAT_BURN', 'minuteMultiplier': 1}, {'minutes': 0, 'zoneName': 'Cardio', 'order': 2, 'type': 'CARDIO', 'minuteMultiplier': 2}, {'minutes': 0, 'zoneName': 'Peak', 'order': 3, 'type': 'PEAK', 'minuteMultiplier': 2}]}"
2025-12-18 15:18:42+09:00,1642622540989413376,Weights,2131,2025-12-18T15:18:42.000+09:00,2132000,35,133,257.0,,,tracker,,,87.0,"[{'minutes': 35, 'caloriesOut': 133.647827, 'name': 'Out of Range', 'min': 30, 'max': 103}, {'minutes': 0, 'caloriesOut': 0.0, 'name': 'Fat Burn', 'min': 104, 'max': 128}, {'minutes': 0, 'caloriesOut': 0.0, 'name': 'Cardio', 'min': 129, 'max': 160}, {'minutes': 0, 'caloriesOut': 0.0, 'name': 'Peak', 'min': 161, 'max': 220}]","{'totalMinutes': 0, 'minutesInHeartRateZones': [{'minutes': 0, 'zoneName': 'Out of Range', 'order': 0, 'type': 'OUT_OF_ZONE', 'minuteMultiplier': 0}, {'minutes': 0, 'zoneName': 'Fat Burn', 'order': 1, 'type': 'FAT_BURN', 'minuteMultiplier': 1}, {'minutes': 0, 'zoneName': 'Cardio', 'order': 2, 'type': 'CARDIO', 'minuteMultiplier': 2}, {'minutes': 0, 'zoneName': 'Peak', 'order': 3, 'type': 'PEAK', 'minuteMultiplier': 2}]}"
2025-12-18 19:18:52+09:00,6759196884232624856,Outdoor Bike,1071,2025-12-18T19:18:52.000+09:00,2355000,39,119,,0.334733,Mile,auto_detected,,,87.0,"[{'minutes': 37, 'caloriesOut': 110.328798, 'name': 'Out of Range', 'min': 30, 'max': 103}, {'minutes': 2, 'caloriesOut': 8.834522, 'name': 'Fat Burn', 'min': 104, 'max': 128}, {'minutes': 0, 'caloriesOut': 0.0, 'name': 'Cardio', 'min': 129, 'max': 160}, {'minutes': 0, 'caloriesOut': 0.0, 'name': 'Peak', 'min': 161, 'max': 220}]","{'totalMinutes': 2, 'minutesInHeartRateZones': [{'minutes': 0, 'zoneName': 'Out of Range', 'order': 0, 'type': 'OUT_OF_ZONE', 'minuteMultiplier': 0}, {'minutes': 2, 'zoneName': 'Fat Burn', 'order': 1, 'type': 'FAT_BURN', 'minuteMultiplier': 1}, {'minutes': 0, 'zoneName': 'Cardio', 'order': 2, 'type': 'CARDIO', 'minuteMultiplier': 2}, {'minutes': 0, 'zoneName': 'Peak', 'order': 3, 'type': 'PEAK', 'minuteMultiplier': 2}]}"
2025-12-19 06:48:18+09:00,6227891032102277160,Bike,90001,2025-12-19T06:48:18.000+09:00,1417000,23,133,,3.270065,Mile,tracker,True,,103.0,"[{'minutes': 12, 'caloriesOut': 67.183458, 'name': 'Out of Range', 'min': 30, 'max': 103}, {'minutes': 11, 'caloriesOut': 65.848007, 'name': 'Fat Burn', 'min': 104, 'max': 129}, {'minutes': 0, 'caloriesOut': 0.0, 'name': 'Cardio', 'min': 130, 'max': 160}, {'minutes': 0, 'caloriesOut': 0.0, 'name': 'Peak', 'min': 161, 'max': 220}]","{'totalMinutes': 11, 'minutesInHeartRateZones': [{'minutes': 0, 'zoneName': 'Out of Range', 'order': 0, 'type': 'OUT_OF_ZONE', 'minuteMultiplier': 0}, {'minutes': 11, 'zoneName': 'Fat Burn', 'order': 1, 'type': 'FAT_BURN', 'minuteMultiplier': 1}, {'minutes': 0, 'zoneName': 'Cardio', 'order': 2, 'type': 'CARDIO', 'minuteMultiplier': 2}, {'minutes': 0, 'zoneName': 'Peak', 'order': 3, 'type': 'PEAK', 'minuteMultiplier': 2}]}"
2025-12-19 14:41:10+09:00,3311991784645806208,Weights,2131,2025-12-19T14:41:10.000+09:00,2314000,38,129,342.0,,,tracker,,,87.0,"[{'minutes': 38, 'caloriesOut': 129.127839, 'name': 'Out of Range', 'min': 30, 'max': 103}, {'minutes': 0, 'caloriesOut': 0.0, 'name': 'Fat Burn', 'min': 104, 'max': 129}, {'minutes': 0, 'caloriesOut': 0.0, 'name': 'Cardio', 'min': 130, 'max': 160}, {'minutes': 0, 'caloriesOut': 0.0, 'name': 'Peak', 'min': 161, 'max': 220}]","{'totalMinutes': 0, 'minutesInHeartRateZones': [{'minutes': 0, 'zoneName': 'Out of Range', 'order': 0, 'type': 'OUT_OF_ZONE', 'minuteMultiplier': 0}, {'minutes': 0, 'zoneName': 'Fat Burn', 'order': 1, 'type': 'FAT_BURN', 'minuteMultiplier': 1}, {'minutes': 0, 'zoneName': 'Cardio', 'order': 2, 'type': 'CARDIO', 'minuteMultiplier': 2}, {'minutes': 0, 'zoneName': 'Peak', 'order': 3, 'type': 'PEAK', 'minuteMultiplier': 2}]}"
2025-12-19 18:00:00+09:00,6378287450123259728,Meditating,7075,2025-12-19T18:00:00.000+09:00,900000,15,15,0.0,0.0,Mile,manual,,,60.0,"[{'minutes': 15, 'caloriesOut': 15.614504, 'name': 'Out of Range', 'min': 30, 'max': 103}, {'minutes': 0, 'caloriesOut': 0.0, 'name': 'Fat Burn', 'min': 104, 'max': 129}, {'minutes': 0, 'caloriesOut': 0.0, 'name': 'Cardio', 'min': 130, 'max': 160}, {'minutes': 0, 'caloriesOut': 0.0, 'name': 'Peak', 'min': 161, 'max': 220}]","{'totalMinutes': 0, 'minutesInHeartRateZones': [{'minutes': 0, 'zoneName': 'Out of Range', 'order': 0, 'type': 'OUT_OF_ZONE', 'minuteMultiplier': 0}, {'minutes': 0, 'zoneName': 'Fat Burn', 'order': 1, 'type': 'FAT_BURN', 'minuteMultiplier': 1}, {'minutes': 0, 'zoneName': 'Cardio', 'order': 2, 'type': 'CARDIO', 'minuteMultiplier': 2}, {'minutes': 0, 'zoneName': 'Peak', 'order': 3, 'type': 'PEAK', 'minuteMultiplier': 2}]}"
2025-12-19 18:41:41+09:00,6739547855217004160,Outdoor Bike,1071,2025-12-19T18:41:41.000+09:00,1075000,17,39,,0.089788,Mile,auto_detected,,,85.0,"[{'minutes': 17, 'caloriesOut': 39.755349, 'name': 'Out of Range', 'min': 30, 'max': 103}, {'minutes': 0, 'caloriesOut': 0.0, 'name': 'Fat Burn', 'min': 104, 'max': 129}, {'minutes': 0, 'caloriesOut': 0.0, 'name': 'Cardio', 'min': 130, 'max': 160}, {'minutes': 0, 'caloriesOut': 0.0, 'name': 'Peak', 'min': 161, 'max': 220}]","{'totalMinutes': 0, 'minutesInHeartRateZones': [{'minutes': 0, 'zoneName': 'Out of Range', 'order': 0, 'type': 'OUT_OF_ZONE', 'minuteMultiplier': 0}, {'minutes': 0, 'zoneName': 'Fat Burn', 'order': 1, 'type': 'FAT_BURN', 'minuteMultiplier': 1}, {'minutes': 0, 'zoneName': 'Cardio', 'order': 2, 'type': 'CARDIO', 'minuteMultiplier': 2}, {'minutes': 0, 'zoneName': 'Peak', 'order': 3, 'type': 'PEAK', 'minuteMultiplier': 2}]}"
2025-12-20 06:07:45+09:00,4603889228624919368,Outdoor Bike,1071,2025-12-20T06:07:45.000+09:00,870000,14,73,,0.203251,Mile,auto_detected,,,104.0,"[{'minutes': 6, 'caloriesOut': 30.612646, 'name': 'Out of Range', 'min': 30, 'max': 103}, {'minutes': 7, 'caloriesOut': 38.00899, 'name': 'Fat Burn', 'min': 104, 'max': 128}, {'minutes': 1, 'caloriesOut': 4.519988, 'name': 'Cardio', 'min': 129, 'max': 160}, {'minutes': 0, 'caloriesOut': 0.0, 'name': 'Peak', 'min': 161, 'max': 220}]","{'totalMinutes': 9, 'minutesInHeartRateZones': [{'minutes': 0, 'zoneName': 'Out of Range', 'order': 0, 'type': 'OUT_OF_ZONE', 'minuteMultiplier': 0}, {'minutes': 7, 'zoneName': 'Fat Burn', 'order': 1, 'type': 'FAT_BURN', 'minuteMultiplier': 1}, {'minutes': 1, 'zoneName': 'Cardio', 'order': 2, 'type': 'CARDIO', 'minuteMultiplier': 2}, {'minutes': 0, 'zoneName': 'Peak', 'order': 3, 'type': 'PEAK', 'minuteMultiplier': 2}]}"
2025-12-20 07:04:49.114000+09:00,4401198818706270128,Meditating,7075,2025-12-20T07:04:49.114+09:00,300000,5,4,0.0,0.0,Mile,manual,,,61.0,"[{'minutes': 5, 'caloriesOut': 5.13635, 'name': 'Out of Range', 'min': 30, 'max': 103}, {'minutes': 0, 'caloriesOut': 0.0, 'name': 'Fat Burn', 'min': 104, 'max': 128}, {'minutes': 0, 'caloriesOut': 0.0, 'name': 'Cardio', 'min': 129, 'max': 160}, {'minutes': 0, 'caloriesOut': 0.0, 'name': 'Peak', 'min': 161, 'max': 220}]","{'totalMinutes': 0, 'minutesInHeartRateZones': [{'minutes': 0, 'zoneName': 'Out of Range', 'order': 0, 'type': 'OUT_OF_ZONE', 'minuteMultiplier': 0}, {'minutes': 0, 'zoneName': 'Fat Burn', 'order': 1, 'type': 'FAT_BURN', 'minuteMultiplier': 1}, {'minutes': 0, 'zoneName': 'Cardio', 'order': 2, 'type': 'CARDIO', 'minuteMultiplier': 2}, {'minutes': 0, 'zoneName': 'Peak', 'order': 3, 'type': 'PEAK', 'minuteMultiplier': 2}]}"
2025-12-20 08:19:09+09:00,8706778301580221984,Outdoor Bike,1071,2025-12-20T08:19:09.000+09:00,1024000,17,73,,0.278126,Mile,auto_detected,,,93.0,"[{'minutes': 16, 'caloriesOut': 68.108001, 'name': 'Out of Range', 'min': 30, 'max': 103}, {'minutes': 1, 'caloriesOut': 5.13635, 'name': 'Fat Burn', 'min': 104, 'max': 128}, {'minutes': 0, 'caloriesOut': 0.0, 'name': 'Cardio', 'min': 129, 'max': 160}, {'minutes': 0, 'caloriesOut': 0.0, 'name': 'Peak', 'min': 161, 'max': 220}]","{'totalMinutes': 1, 'minutesInHeartRateZones': [{'minutes': 0, 'zoneName': 'Out of Range', 'order': 0, 'type': 'OUT_OF_ZONE', 'minuteMultiplier': 0}, {'minutes': 1, 'zoneName': 'Fat Burn', 'order': 1, 'type': 'FAT_BURN', 'minuteMultiplier': 1}, {'minutes': 0, 'zoneName': 'Cardio', 'order': 2, 'type': 'CARDIO', 'minuteMultiplier': 2}, {'minutes': 0, 'zoneName': 'Peak', 'order': 3, 'type': 'PEAK', 'minuteMultiplier': 2}]}"
2025-12-21 06:14:55+09:00,8427635281835905768,Outdoor Bike,1071,2025-12-21T06:14:55.000+09:00,1638000,27,108,,0.241713,Mile,auto_detected,,,91.0,"[{'minutes': 24, 'caloriesOut': 93.48157, 'name': 'Out of Range', 'min': 30, 'max': 103}, {'minutes': 3, 'caloriesOut': 14.998142, 'name': 'Fat Burn', 'min': 104, 'max': 128}, {'minutes': 0, 'caloriesOut': 0.0, 'name': 'Cardio', 'min': 129, 'max': 160}, {'minutes': 0, 'caloriesOut': 0.0, 'name': 'Peak', 'min': 161, 'max': 220}]","{'totalMinutes': 3, 'minutesInHeartRateZones': [{'minutes': 0, 'zoneName': 'Out of Range', 'order': 0, 'type': 'OUT_OF_ZONE', 'minuteMultiplier': 0}, {'minutes': 3, 'zoneName': 'Fat Burn', 'order': 1, 'type': 'FAT_BURN', 'minuteMultiplier': 1}, {'minutes': 0, 'zoneName': 'Cardio', 'order': 2, 'type': 'CARDIO', 'minuteMultiplier': 2}, {'minutes': 0, 'zoneName': 'Peak', 'order': 3, 'type': 'PEAK', 'minuteMultiplier': 2}]}"
2025-12-21 07:00:00+09:00,6299200354276566688,Meditating,7075,2025-12-21T07:00:00.000+09:00,3600000,60,61,0.0,0.0,Mile,manual,,,,"[{'minutes': 60, 'caloriesOut': 61.6362, 'name': 'Out of Range', 'min': 30, 'max': 103}, {'minutes': 0, 'caloriesOut': 0.0, 'name': 'Fat Burn', 'min': 104, 'max': 128}, {'minutes': 0, 'caloriesOut': 0.0, 'name': 'Cardio', 'min': 129, 'max': 160}, {'minutes': 0, 'caloriesOut': 0.0, 'name': 'Peak', 'min': 161, 'max': 220}]","{'totalMinutes': 0, 'minutesInHeartRateZones': [{'minutes': 0, 'zoneName': 'Out of Range', 'order': 0, 'type': 'OUT_OF_ZONE', 'minuteMultiplier': 0}, {'minutes': 0, 'zoneName': 'Fat Burn', 'order': 1, 'type': 'FAT_BURN', 'minuteMultiplier': 1}, {'minutes': 0, 'zoneName': 'Cardio', 'order': 2, 'type': 'CARDIO', 'minuteMultiplier': 2}, {'minutes': 0, 'zoneName': 'Peak', 'order': 3, 'type': 'PEAK', 'minuteMultiplier': 2}]}"
2025-12-21 08:15:14+09:00,3315081373066311712,Outdoor Bike,1071,2025-12-21T08:15:14.000+09:00,1179000,19,84,,0.384442,Mile,auto_detected,,,94.0,"[{'minutes': 15, 'caloriesOut': 71.703446, 'name': 'Out of Range', 'min': 30, 'max': 103}, {'minutes': 4, 'caloriesOut': 12.532694, 'name': 'Fat Burn', 'min': 104, 'max': 128}, {'minutes': 0, 'caloriesOut': 0.0, 'name': 'Cardio', 'min': 129, 'max': 160}, {'minutes': 0, 'caloriesOut': 0.0, 'name': 'Peak', 'min': 161, 'max': 220}]","{'totalMinutes': 4, 'minutesInHeartRateZones': [{'minutes': 0, 'zoneName': 'Out of Range', 'order': 0, 'type': 'OUT_OF_ZONE', 'minuteMultiplier': 0}, {'minutes': 4, 'zoneName': 'Fat Burn', 'order': 1, 'type': 'FAT_BURN', 'minuteMultiplier': 1}, {'minutes': 0, 'zoneName': 'Cardio', 'order': 2, 'type': 'CARDIO', 'minuteMultiplier': 2}, {'minutes': 0, 'zoneName': 'Peak', 'order': 3, 'type': 'PEAK', 'minuteMultiplier': 2}]}"
2025-12-21 16:27:36+09:00,7933766263613340032,Outdoor Bike,1071,2025-12-21T16:27:36.000+09:00,1690000,28,125,,0.282103,Mile,auto_detected,,,103.0,"[{'minutes': 15, 'caloriesOut': 61.019838, 'name': 'Out of Range', 'min': 30, 'max': 103}, {'minutes': 10, 'caloriesOut': 49.822595, 'name': 'Fat Burn', 'min': 104, 'max': 128}, {'minutes': 3, 'caloriesOut': 14.587234, 'name': 'Cardio', 'min': 129, 'max': 160}, {'minutes': 0, 'caloriesOut': 0.0, 'name': 'Peak', 'min': 161, 'max': 220}]","{'totalMinutes': 16, 'minutesInHeartRateZones': [{'minutes': 0, 'zoneName': 'Out of Range', 'order': 0, 'type': 'OUT_OF_ZONE', 'minuteMultiplier': 0}, {'minutes': 10, 'zoneName': 'Fat Burn', 'order': 1, 'type': 'FAT_BURN', 'minuteMultiplier': 1}, {'minutes': 3, 'zoneName': 'Cardio', 'order': 2, 'type': 'CARDIO', 'minuteMultiplier': 2}, {'minutes': 0, 'zoneName': 'Peak', 'order': 3, 'type': 'PEAK', 'minuteMultiplier': 2}]}"
2025-12-21 19:25:00+09:00,8033718970108804952,Meditating,7075,2025-12-21T19:25:00.000+09:00,600000,10,42,507.0,0.211453,Mile,manual,,,79.0,"[{'minutes': 10, 'caloriesOut': 42.11807, 'name': 'Out of Range', 'min': 30, 'max': 103}, {'minutes': 0, 'caloriesOut': 0.0, 'name': 'Fat Burn', 'min': 104, 'max': 128}, {'minutes': 0, 'caloriesOut': 0.0, 'name': 'Cardio', 'min': 129, 'max': 160}, {'minutes': 0, 'caloriesOut': 0.0, 'name': 'Peak', 'min': 161, 'max': 220}]","{'totalMinutes': 0, 'minutesInHeartRateZones': [{'minutes': 0, 'zoneName': 'Out of Range', 'order': 0, 'type': 'OUT_OF_ZONE', 'minuteMultiplier': 0}, {'minutes': 0, 'zoneName': 'Fat Burn', 'order': 1, 'type': 'FAT_BURN', 'minuteMultiplier': 1}, {'minutes': 0, 'zoneName': 'Cardio', 'order': 2, 'type': 'CARDIO', 'minuteMultiplier': 2}, {'minutes': 0, 'zoneName': 'Peak', 'order': 3, 'type': 'PEAK', 'minuteMultiplier': 2}]}"
2025-12-22 06:39:12+09:00,3965187769636129056,Outdoor Bike,1071,2025-12-22T06:39:12.000+09:00,1679000,27,161,,0.612672,Mile,auto_detected,,,111.0,"[{'minutes': 8, 'caloriesOut': 45.405334, 'name': 'Out of Range', 'min': 30, 'max': 102}, {'minutes': 15, 'caloriesOut': 90.810668, 'name': 'Fat Burn', 'min': 103, 'max': 128}, {'minutes': 4, 'caloriesOut': 25.68175, 'name': 'Cardio', 'min': 129, 'max': 160}, {'minutes': 0, 'caloriesOut': 0.0, 'name': 'Peak', 'min': 161, 'max': 220}]","{'totalMinutes': 23, 'minutesInHeartRateZones': [{'minutes': 0, 'zoneName': 'Out of Range', 'order': 0, 'type': 'OUT_OF_ZONE', 'minuteMultiplier': 0}, {'minutes': 15, 'zoneName': 'Fat Burn', 'order': 1, 'type': 'FAT_BURN', 'minuteMultiplier': 1}, {'minutes': 4, 'zoneName': 'Cardio', 'order': 2, 'type': 'CARDIO', 'minuteMultiplier': 2}, {'minutes': 0, 'zoneName': 'Peak', 'order': 3, 'type': 'PEAK', 'minuteMultiplier': 2}]}"
2025-12-22 13:41:01+09:00,1810954323494063896,Weights,2131,2025-12-22T13:41:01.000+09:00,2411000,40,123,139.0,,,tracker,,,82.0,"[{'minutes': 40, 'caloriesOut': 123.991489, 'name': 'Out of Range', 'min': 30, 'max': 102}, {'minutes': 0, 'caloriesOut': 0.0, 'name': 'Fat Burn', 'min': 103, 'max': 128}, {'minutes': 0, 'caloriesOut': 0.0, 'name': 'Cardio', 'min': 129, 'max': 160}, {'minutes': 0, 'caloriesOut': 0.0, 'name': 'Peak', 'min': 161, 'max': 220}]","{'totalMinutes': 0, 'minutesInHeartRateZones': [{'minutes': 0, 'zoneName': 'Out of Range', 'order': 0, 'type': 'OUT_OF_ZONE', 'minuteMultiplier': 0}, {'minutes': 0, 'zoneName': 'Fat Burn', 'order': 1, 'type': 'FAT_BURN', 'minuteMultiplier': 1}, {'minutes': 0, 'zoneName': 'Cardio', 'order': 2, 'type': 'CARDIO', 'minuteMultiplier': 2}, {'minutes': 0, 'zoneName': 'Peak', 'order': 3, 'type': 'PEAK', 'minuteMultiplier': 2}]}"
2025-12-22 19:14:22+09:00,4501376789871687000,Outdoor Bike,1071,2025-12-22T19:14:22.000+09:00,1483000,24,61,,0.110853,Mile,auto_detected,,,88.0,"[{'minutes': 22, 'caloriesOut': 56.705304, 'name': 'Out of Range', 'min': 30, 'max': 102}, {'minutes': 2, 'caloriesOut': 4.417261, 'name': 'Fat Burn', 'min': 103, 'max': 128}, {'minutes': 0, 'caloriesOut': 0.0, 'name': 'Cardio', 'min': 129, 'max': 160}, {'minutes': 0, 'caloriesOut': 0.0, 'name': 'Peak', 'min': 161, 'max': 220}]","{'totalMinutes': 2, 'minutesInHeartRateZones': [{'minutes': 0, 'zoneName': 'Out of Range', 'order': 0, 'type': 'OUT_OF_ZONE', 'minuteMultiplier': 0}, {'minutes': 2, 'zoneName': 'Fat Burn', 'order': 1, 'type': 'FAT_BURN', 'minuteMultiplier': 1}, {'minutes': 0, 'zoneName': 'Cardio', 'order': 2, 'type': 'CARDIO', 'minuteMultiplier': 2}, {'minutes': 0, 'zoneName': 'Peak', 'order': 3, 'type': 'PEAK', 'minuteMultiplier': 2}]}"
2025-12-22 20:44:49+09:00,4877154962969366912,Outdoor Bike,1071,2025-12-22T20:44:49.000+09:00,870000,14,87,,0.181005,Mile,auto_detected,,,109.0,"[{'minutes': 7, 'caloriesOut': 46.535331, 'name': 'Out of Range', 'min': 30, 'max': 102}, {'minutes': 5, 'caloriesOut': 31.434462, 'name': 'Fat Burn', 'min': 103, 'max': 128}, {'minutes': 2, 'caloriesOut': 9.964519, 'name': 'Cardio', 'min': 129, 'max': 160}, {'minutes': 0, 'caloriesOut': 0.0, 'name': 'Peak', 'min': 161, 'max': 220}]","{'totalMinutes': 9, 'minutesInHeartRateZones': [{'minutes': 0, 'zoneName': 'Out of Range', 'order': 0, 'type': 'OUT_OF_ZONE', 'minuteMultiplier': 0}, {'minutes': 5, 'zoneName': 'Fat Burn', 'order': 1, 'type': 'FAT_BURN', 'minuteMultiplier': 1}, {'minutes': 2, 'zoneName': 'Cardio', 'order': 2, 'type': 'CARDIO', 'minuteMultiplier': 2}, {'minutes': 0, 'zoneName': 'Peak', 'order': 3, 'type': 'PEAK', 'minuteMultiplier': 2}]}"
2025-12-22 21:37:42+09:00,1188599773722236384,Outdoor Bike,1071,2025-12-22T21:37:42.000+09:00,972000,16,58,,0.086743,Mile,auto_detected,,,96.0,"[{'minutes': 14, 'caloriesOut': 52.698951, 'name': 'Out of Range', 'min': 30, 'max': 102}, {'minutes': 2, 'caloriesOut': 5.855439, 'name': 'Fat Burn', 'min': 103, 'max': 128}, {'minutes': 0, 'caloriesOut': 0.0, 'name': 'Cardio', 'min': 129, 'max': 160}, {'minutes': 0, 'caloriesOut': 0.0, 'name': 'Peak', 'min': 161, 'max': 220}]","{'totalMinutes': 2, 'minutesInHeartRateZones': [{'minutes': 0, 'zoneName': 'Out of Range', 'order': 0, 'type': 'OUT_OF_ZONE', 'minuteMultiplier': 0}, {'minutes': 2, 'zoneName': 'Fat Burn', 'order': 1, 'type': 'FAT_BURN', 'minuteMultiplier': 1}, {'minutes': 0, 'zoneName': 'Cardio', 'order': 2, 'type': 'CARDIO', 'minuteMultiplier': 2}, {'minutes': 0, 'zoneName': 'Peak', 'order': 3, 'type': 'PEAK', 'minuteMultiplier': 2}]}"
2025-12-23 06:43:50+09:00,6740845995860232192,Outdoor Bike,1071,2025-12-23T06:43:50.000+09:00,1025000,17,92,,0.455279,Mile,auto_detected,,,100.0,"[{'minutes': 13, 'caloriesOut': 69.546179, 'name': 'Out of Range', 'min': 30, 'max': 102}, {'minutes': 4, 'caloriesOut': 22.805394, 'name': 'Fat Burn', 'min': 103, 'max': 128}, {'minutes': 0, 'caloriesOut': 0.0, 'name': 'Cardio', 'min': 129, 'max': 160}, {'minutes': 0, 'caloriesOut': 0.0, 'name': 'Peak', 'min': 161, 'max': 220}]","{'totalMinutes': 4, 'minutesInHeartRateZones': [{'minutes': 0, 'zoneName': 'Out of Range', 'order': 0, 'type': 'OUT_OF_ZONE', 'minuteMultiplier': 0}, {'minutes': 4, 'zoneName': 'Fat Burn', 'order': 1, 'type': 'FAT_BURN', 'minuteMultiplier': 1}, {'minutes': 0, 'zoneName': 'Cardio', 'order': 2, 'type': 'CARDIO', 'minuteMultiplier': 2}, {'minutes': 0, 'zoneName': 'Peak', 'order': 3, 'type': 'PEAK', 'minuteMultiplier': 2}]}"
2025-12-23 07:02:43.586000+09:00,4750881152431515160,Meditating,7075,2025-12-23T07:02:43.586+09:00,300000,5,23,359.0,0.149564,Mile,manual,,,92.0,"[{'minutes': 5, 'caloriesOut': 27.119928, 'name': 'Out of Range', 'min': 30, 'max': 102}, {'minutes': 0, 'caloriesOut': 0.0, 'name': 'Fat Burn', 'min': 103, 'max': 128}, {'minutes': 0, 'caloriesOut': 0.0, 'name': 'Cardio', 'min': 129, 'max': 160}, {'minutes': 0, 'caloriesOut': 0.0, 'name': 'Peak', 'min': 161, 'max': 220}]","{'totalMinutes': 0, 'minutesInHeartRateZones': [{'minutes': 0, 'zoneName': 'Out of Range', 'order': 0, 'type': 'OUT_OF_ZONE', 'minuteMultiplier': 0}, {'minutes': 0, 'zoneName': 'Fat Burn', 'order': 1, 'type': 'FAT_BURN', 'minuteMultiplier': 1}, {'minutes': 0, 'zoneName': 'Cardio', 'order': 2, 'type': 'CARDIO', 'minuteMultiplier': 2}, {'minutes': 0, 'zoneName': 'Peak', 'order': 3, 'type': 'PEAK', 'minuteMultiplier': 2}]}"
2025-12-23 16:47:58+09:00,4778211381284999504,Walk,90013,2025-12-23T16:47:58.000+09:00,615000,10,57,882.0,0.385934,Mile,auto_detected,,,73.0,"[{'minutes': 10, 'caloriesOut': 57.013485, 'name': 'Out of Range', 'min': 30, 'max': 102}, {'minutes': 0, 'caloriesOut': 0.0, 'name': 'Fat Burn', 'min': 103, 'max': 128}, {'minutes': 0, 'caloriesOut': 0.0, 'name': 'Cardio', 'min': 129, 'max': 160}, {'minutes': 0, 'caloriesOut': 0.0, 'name': 'Peak', 'min': 161, 'max': 220}]","{'totalMinutes': 0, 'minutesInHeartRateZones': [{'minutes': 0, 'zoneName': 'Out of Range', 'order': 0, 'type': 'OUT_OF_ZONE', 'minuteMultiplier': 0}, {'minutes': 0, 'zoneName': 'Fat Burn', 'order': 1, 'type': 'FAT_BURN', 'minuteMultiplier': 1}, {'minutes': 0, 'zoneName': 'Cardio', 'order': 2, 'type': 'CARDIO', 'minuteMultiplier': 2}, {'minutes': 0, 'zoneName': 'Peak', 'order': 3, 'type': 'PEAK', 'minuteMultiplier': 2}]}"
2025-12-23 19:29:14+09:00,1304782710777945016,Outdoor Bike,1071,2025-12-23T19:29:14.000+09:00,869000,14,26,,0.028148,Mile,auto_detected,,,93.0,"[{'minutes': 13, 'caloriesOut': 24.757207, 'name': 'Out of Range', 'min': 30, 'max': 102}, {'minutes': 1, 'caloriesOut': 1.335451, 'name': 'Fat Burn', 'min': 103, 'max': 128}, {'minutes': 0, 'caloriesOut': 0.0, 'name': 'Cardio', 'min': 129, 'max': 160}, {'minutes': 0, 'caloriesOut': 0.0, 'name': 'Peak', 'min': 161, 'max': 220}]","{'totalMinutes': 1, 'minutesInHeartRateZones': [{'minutes': 0, 'zoneName': 'Out of Range', 'order': 0, 'type': 'OUT_OF_ZONE', 'minuteMultiplier': 0}, {'minutes': 1, 'zoneName': 'Fat Burn', 'order': 1, 'type': 'FAT_BURN', 'minuteMultiplier': 1}, {'minutes': 0, 'zoneName': 'Cardio', 'order': 2, 'type': 'CARDIO', 'minuteMultiplier': 2}, {'minutes': 0, 'zoneName': 'Peak', 'order': 3, 'type': 'PEAK', 'minuteMultiplier': 2}]}"
2025-12-23 20:44:19+09:00,2258374653199034240,Walk,90013,2025-12-23T20:44:19.000+09:00,820000,13,69,1090.0,0.477462,Mile,auto_detected,,,86.0,"[{'minutes': 13, 'caloriesOut': 69.957087, 'name': 'Out of Range', 'min': 30, 'max': 102}, {'minutes': 0, 'caloriesOut': 0.0, 'name': 'Fat Burn', 'min': 103, 'max': 128}, {'minutes': 0, 'caloriesOut': 0.0, 'name': 'Cardio', 'min': 129, 'max': 160}, {'minutes': 0, 'caloriesOut': 0.0, 'name': 'Peak', 'min': 161, 'max': 220}]","{'totalMinutes': 0, 'minutesInHeartRateZones': [{'minutes': 0, 'zoneName': 'Out of Range', 'order': 0, 'type': 'OUT_OF_ZONE', 'minuteMultiplier': 0}, {'minutes': 0, 'zoneName': 'Fat Burn', 'order': 1, 'type': 'FAT_BURN', 'minuteMultiplier': 1}, {'minutes': 0, 'zoneName': 'Cardio', 'order': 2, 'type': 'CARDIO', 'minuteMultiplier': 2}, {'minutes': 0, 'zoneName': 'Peak', 'order': 3, 'type': 'PEAK', 'minuteMultiplier': 2}]}"
2025-12-23 21:42:14.218000+09:00,70190166139383624,Meditating,7075,2025-12-23T21:42:14.218+09:00,180000,3,2,0.0,0.0,Mile,manual,,,,"[{'minutes': 3, 'caloriesOut': 3.08181, 'name': 'Out of Range', 'min': 30, 'max': 102}, {'minutes': 0, 'caloriesOut': 0.0, 'name': 'Fat Burn', 'min': 103, 'max': 128}, {'minutes': 0, 'caloriesOut': 0.0, 'name': 'Cardio', 'min': 129, 'max': 160}, {'minutes': 0, 'caloriesOut': 0.0, 'name': 'Peak', 'min': 161, 'max': 220}]","{'totalMinutes': 0, 'minutesInHeartRateZones': [{'minutes': 0, 'zoneName': 'Out of Range', 'order': 0, 'type': 'OUT_OF_ZONE', 'minuteMultiplier': 0}, {'minutes': 0, 'zoneName': 'Fat Burn', 'order': 1, 'type': 'FAT_BURN', 'minuteMultiplier': 1}, {'minutes': 0, 'zoneName': 'Cardio', 'order': 2, 'type': 'CARDIO', 'minuteMultiplier': 2}, {'minutes': 0, 'zoneName': 'Peak', 'order': 3, 'type': 'PEAK', 'minuteMultiplier': 2}]}"
2025-12-23 21:59:49.539000+09:00,7882956388345176800,Meditating,7075,2025-12-23T21:59:49.539+09:00,600000,10,11,19.0,0.008389,Mile,manual,,,86.0,"[{'minutes': 10, 'caloriesOut': 12.32724, 'name': 'Out of Range', 'min': 30, 'max': 102}, {'minutes': 0, 'caloriesOut': 0.0, 'name': 'Fat Burn', 'min': 103, 'max': 128}, {'minutes': 0, 'caloriesOut': 0.0, 'name': 'Cardio', 'min': 129, 'max': 160}, {'minutes': 0, 'caloriesOut': 0.0, 'name': 'Peak', 'min': 161, 'max': 220}]","{'totalMinutes': 0, 'minutesInHeartRateZones': [{'minutes': 0, 'zoneName': 'Out of Range', 'order': 0, 'type': 'OUT_OF_ZONE', 'minuteMultiplier': 0}, {'minutes': 0, 'zoneName': 'Fat Burn', 'order': 1, 'type': 'FAT_BURN', 'minuteMultiplier': 1}, {'minutes': 0, 'zoneName': 'Cardio', 'order': 2, 'type': 'CARDIO', 'minuteMultiplier': 2}, {'minutes': 0, 'zoneName': 'Peak', 'order': 3, 'type': 'PEAK', 'minuteMultiplier': 2}]}"
2025-12-24 06:49:19+09:00,1423401636024007784,Walk,90013,2025-12-24T06:49:19.000+09:00,717000,11,67,1057.0,0.456335,Mile,auto_detected,,,84.0,"[{'minutes': 11, 'caloriesOut': 67.594366, 'name': 'Out of Range', 'min': 30, 'max': 102}, {'minutes': 0, 'caloriesOut': 0.0, 'name': 'Fat Burn', 'min': 103, 'max': 128}, {'minutes': 0, 'caloriesOut': 0.0, 'name': 'Cardio', 'min': 129, 'max': 160}, {'minutes': 0, 'caloriesOut': 0.0, 'name': 'Peak', 'min': 161, 'max': 220}]","{'totalMinutes': 0, 'minutesInHeartRateZones': [{'minutes': 0, 'zoneName': 'Out of Range', 'order': 0, 'type': 'OUT_OF_ZONE', 'minuteMultiplier': 0}, {'minutes': 0, 'zoneName': 'Fat Burn', 'order': 1, 'type': 'FAT_BURN', 'minuteMultiplier': 1}, {'minutes': 0, 'zoneName': 'Cardio', 'order': 2, 'type': 'CARDIO', 'minuteMultiplier': 2}, {'minutes': 0, 'zoneName': 'Peak', 'order': 3, 'type': 'PEAK', 'minuteMultiplier': 2}]}"
2025-12-24 07:48:38.384000+09:00,7895465375654819984,Meditating,7075,2025-12-24T07:48:38.384+09:00,300000,5,4,0.0,0.0,Mile,manual,,,57.0,"[{'minutes': 5, 'caloriesOut': 5.13635, 'name': 'Out of Range', 'min': 30, 'max': 102}, {'minutes': 0, 'caloriesOut': 0.0, 'name': 'Fat Burn', 'min': 103, 'max': 128}, {'minutes': 0, 'caloriesOut': 0.0, 'name': 'Cardio', 'min': 129, 'max': 160}, {'minutes': 0, 'caloriesOut': 0.0, 'name': 'Peak', 'min': 161, 'max': 220}]","{'totalMinutes': 0, 'minutesInHeartRateZones': [{'minutes': 0, 'zoneName': 'Out of Range', 'order': 0, 'type': 'OUT_OF_ZONE', 'minuteMultiplier': 0}, {'minutes': 0, 'zoneName': 'Fat Burn', 'order': 1, 'type': 'FAT_BURN', 'minuteMultiplier': 1}, {'minutes': 0, 'zoneName': 'Cardio', 'order': 2, 'type': 'CARDIO', 'minuteMultiplier': 2}, {'minutes': 0, 'zoneName': 'Peak', 'order': 3, 'type': 'PEAK', 'minuteMultiplier': 2}]}"
